Datacenter URL,State,City,Datacenter Name
https://www.datacentermap.com/usa/virginia/manassas/10051-brickyard-wy/,virginia,manassas,10051-brickyard-wy
https://www.datacentermap.com/usa/virginia/reston/12100-sunrise-valley/,virginia,reston,12100-sunrise-valley
https://www.datacentermap.com/usa/virginia/reston/1780-business-center/,virginia,reston,1780-business-center
https://www.datacentermap.com/usa/virginia/reston/1807-michael-faraday-court/,virginia,reston,1807-michael-faraday-court
https://www.datacentermap.com/usa/virginia/ashburn/19886-ashburn-rd/,virginia,ashburn,19886-ashburn-rd
https://www.datacentermap.com/usa/virginia/ashburn/20335-celtic-park-drive/,virginia,ashburn,20335-celtic-park-drive
https://www.datacentermap.com/usa/virginia/ashburn/20335-celtic-park-drive-building-1/,virginia,ashburn,20335-celtic-park-drive-building-1
https://www.datacentermap.com/usa/virginia/ashburn/20335-celtic-park-drive-building-2/,virginia,ashburn,20335-celtic-park-drive-building-2
https://www.datacentermap.com/usa/virginia/ashburn/20335-celtic-park-drive-building-3/,virginia,ashburn,20335-celtic-park-drive-building-3
https://www.datacentermap.com/usa/virginia/ashburn/21362-smith-switch-acc8/,virginia,ashburn,21362-smith-switch-acc8
https://www.datacentermap.com/usa/virginia/ashburn/21625-gresham-drive/,virginia,ashburn,21625-gresham-drive
https://www.datacentermap.com/usa/virginia/ashburn/21744-sir-timothy-acc10/,virginia,ashburn,21744-sir-timothy-acc10
https://www.datacentermap.com/usa/virginia/ashburn/21745-sir-timothy-acc9/,virginia,ashburn,21745-sir-timothy-acc9
https://www.datacentermap.com/usa/virginia/ashburn/22124-broderick-drive-r/,virginia,ashburn,22124-broderick-drive-r
https://www.datacentermap.com/usa/virginia/dulles/22262-cloud-plz/,virginia,dulles,22262-cloud-plz
https://www.datacentermap.com/usa/virginia/sterling/23540-pebble-run-pl/,virginia,sterling,23540-pebble-run-pl
https://www.datacentermap.com/usa/virginia/herndon/365-data-centers-herndon/,virginia,herndon,365-data-centers-herndon
https://www.datacentermap.com/usa/virginia/chantilly/3721-stonecroft-boulevard/,virginia,chantilly,3721-stonecroft-boulevard
https://www.datacentermap.com/usa/virginia/chantilly/4030-4050-lafayette/,virginia,chantilly,4030-4050-lafayette
https://www.datacentermap.com/usa/virginia/chantilly/4040-lafayette-center-drive/,virginia,chantilly,4040-lafayette-center-drive
https://www.datacentermap.com/usa/virginia/chantilly/4050-lafayette-center-drive/,virginia,chantilly,4050-lafayette-center-drive
https://www.datacentermap.com/usa/virginia/ashburn/42277-cochran-mill-rd/,virginia,ashburn,42277-cochran-mill-rd
https://www.datacentermap.com/usa/virginia/dulles/43704-efficiency-iad44/,virginia,dulles,43704-efficiency-iad44
https://www.datacentermap.com/usa/virginia/ashburn/43780-digital-loudoun-bldg-h/,virginia,ashburn,43780-digital-loudoun-bldg-h
https://www.datacentermap.com/usa/virginia/ashburn/43790-devin-shafron-dr/,virginia,ashburn,43790-devin-shafron-dr
https://www.datacentermap.com/usa/virginia/ashburn/43791-devin-shafron-drive/,virginia,ashburn,43791-devin-shafron-drive
https://www.datacentermap.com/usa/virginia/ashburn/43830-devin-shafron-dr/,virginia,ashburn,43830-devin-shafron-dr
https://www.datacentermap.com/usa/virginia/ashburn/43831-devin-shafron-iad13/,virginia,ashburn,43831-devin-shafron-iad13
https://www.datacentermap.com/usa/virginia/ashburn/43881-devin-shafron-drive/,virginia,ashburn,43881-devin-shafron-drive
https://www.datacentermap.com/usa/virginia/ashburn/43915-devin-shafron-drive/,virginia,ashburn,43915-devin-shafron-drive
https://www.datacentermap.com/usa/virginia/ashburn/43940-digital-loudoun-plaza/,virginia,ashburn,43940-digital-loudoun-plaza
https://www.datacentermap.com/usa/virginia/ashburn/44060-digital-loudoun-plaza/,virginia,ashburn,44060-digital-loudoun-plaza
https://www.datacentermap.com/usa/virginia/ashburn/44100-digital-loudoun-plaza/,virginia,ashburn,44100-digital-loudoun-plaza
https://www.datacentermap.com/usa/virginia/ashburn/44274-round-table-plaza-bldg-l/,virginia,ashburn,44274-round-table-plaza-bldg-l
https://www.datacentermap.com/usa/virginia/ashburn/44372-round-table-plaza-bldg-m/,virginia,ashburn,44372-round-table-plaza-bldg-m
https://www.datacentermap.com/usa/virginia/ashburn/44461-chilum-place/,virginia,ashburn,44461-chilum-place
https://www.datacentermap.com/usa/virginia/ashburn/44470-chilum-place-iad18/,virginia,ashburn,44470-chilum-place-iad18
https://www.datacentermap.com/usa/virginia/ashburn/44480-hastings-drive/,virginia,ashburn,44480-hastings-drive
https://www.datacentermap.com/usa/virginia/ashburn/44490-chillum-acc2/,virginia,ashburn,44490-chillum-acc2
https://www.datacentermap.com/usa/virginia/ashburn/44520-hastings-acc3/,virginia,ashburn,44520-hastings-acc3
https://www.datacentermap.com/usa/virginia/ashburn/44521-hastings-drive/,virginia,ashburn,44521-hastings-drive
https://www.datacentermap.com/usa/virginia/ashburn/44540-round-table-plaza-iad73/,virginia,ashburn,44540-round-table-plaza-iad73
https://www.datacentermap.com/usa/virginia/ashburn/44751-round-table-plaza-p/,virginia,ashburn,44751-round-table-plaza-p
https://www.datacentermap.com/usa/virginia/sterling/44820-prentice-iad43/,virginia,sterling,44820-prentice-iad43
https://www.datacentermap.com/usa/virginia/manassas/6895-wellington-road/,virginia,manassas,6895-wellington-road
https://www.datacentermap.com/usa/virginia/vienna-virginia/8100-boone-boulevard/,virginia,vienna-virginia,8100-boone-boulevard
https://www.datacentermap.com/usa/virginia/ashburn/aligned-iad-01/,virginia,ashburn,aligned-iad-01
https://www.datacentermap.com/usa/virginia/ashburn/aligned-iad-02/,virginia,ashburn,aligned-iad-02
https://www.datacentermap.com/usa/virginia/sterling/aligned-iad-03/,virginia,sterling,aligned-iad-03
https://www.datacentermap.com/usa/virginia/sterling/amazon-aws-21660-ridgetop-circle/,virginia,sterling,amazon-aws-21660-ridgetop-circle
https://www.datacentermap.com/usa/virginia/sterling/amazon-aws-21670-ridgetop-circle/,virginia,sterling,amazon-aws-21670-ridgetop-circle
https://www.datacentermap.com/usa/virginia/sterling/amazon-aws-21680-ridgetop-circle/,virginia,sterling,amazon-aws-21680-ridgetop-circle
https://www.datacentermap.com/usa/virginia/ashburn/amazon-aws-41789-cochran-mill-rd/,virginia,ashburn,amazon-aws-41789-cochran-mill-rd
https://www.datacentermap.com/usa/virginia/chantilly/amazon-aws-44150-wade-dr/,virginia,chantilly,amazon-aws-44150-wade-dr
https://www.datacentermap.com/usa/virginia/sterling/amazon-aws-45965-nokes-blvd/,virginia,sterling,amazon-aws-45965-nokes-blvd
https://www.datacentermap.com/usa/virginia/sterling/amazon-aws-45969-nokes-blvd/,virginia,sterling,amazon-aws-45969-nokes-blvd
https://www.datacentermap.com/usa/virginia/sterling/amazon-aws-45975-nokes-blvd/,virginia,sterling,amazon-aws-45975-nokes-blvd
https://www.datacentermap.com/usa/virginia/sterling/amazon-aws-46020-manekin-plaza/,virginia,sterling,amazon-aws-46020-manekin-plaza
https://www.datacentermap.com/usa/virginia/springfield-va/amazon-aws-7951-7961-loisdale-rd/,virginia,springfield-va,amazon-aws-7951-7961-loisdale-rd
https://www.datacentermap.com/usa/virginia/fredericksburg/amazon-aws-carters-store-tech-campus/,virginia,fredericksburg,amazon-aws-carters-store-tech-campus
https://www.datacentermap.com/usa/virginia/bristow/amazon-aws-devlin-tech-park/,virginia,bristow,amazon-aws-devlin-tech-park
https://www.datacentermap.com/usa/virginia/ashburn/amazon-aws-george-washington-blvd/,virginia,ashburn,amazon-aws-george-washington-blvd
https://www.datacentermap.com/usa/virginia/manassas/amazon-aws-iad-10281-tanner/,virginia,manassas,amazon-aws-iad-10281-tanner
https://www.datacentermap.com/usa/virginia/manassas/amazon-aws-iad-10281-tanner1/,virginia,manassas,amazon-aws-iad-10281-tanner1
https://www.datacentermap.com/usa/virginia/manassas/amazon-aws-iad-10301-tanner/,virginia,manassas,amazon-aws-iad-10301-tanner
https://www.datacentermap.com/usa/virginia/manassas/amazon-aws-iad-10321-tanner/,virginia,manassas,amazon-aws-iad-10321-tanner
https://www.datacentermap.com/usa/virginia/manassas/amazon-aws-iad-11150-thomasson/,virginia,manassas,amazon-aws-iad-11150-thomasson
https://www.datacentermap.com/usa/virginia/manassas/amazon-aws-iad-11200-thomasson/,virginia,manassas,amazon-aws-iad-11200-thomasson
https://www.datacentermap.com/usa/virginia/manassas/amazon-aws-iad-11800-brewers/,virginia,manassas,amazon-aws-iad-11800-brewers
https://www.datacentermap.com/usa/virginia/manassas/amazon-aws-iad-11801-brewers/,virginia,manassas,amazon-aws-iad-11801-brewers
https://www.datacentermap.com/usa/virginia/manassas/amazon-aws-iad-11901-sudley-manor-dr-a/,virginia,manassas,amazon-aws-iad-11901-sudley-manor-dr-a
https://www.datacentermap.com/usa/virginia/manassas/amazon-aws-iad-11901-sudley-manor-dr-b/,virginia,manassas,amazon-aws-iad-11901-sudley-manor-dr-b
https://www.datacentermap.com/usa/virginia/herndon/amazon-aws-iad-13600-eds/,virginia,herndon,amazon-aws-iad-13600-eds
https://www.datacentermap.com/usa/virginia/herndon/amazon-aws-iad-13600-eds-b/,virginia,herndon,amazon-aws-iad-13600-eds-b
https://www.datacentermap.com/usa/virginia/herndon/amazon-aws-iad-13600-eds-c/,virginia,herndon,amazon-aws-iad-13600-eds-c
https://www.datacentermap.com/usa/virginia/manassas/amazon-aws-iad-14209-dumfries/,virginia,manassas,amazon-aws-iad-14209-dumfries
https://www.datacentermap.com/usa/virginia/manassas/amazon-aws-iad-14237-dumfries/,virginia,manassas,amazon-aws-iad-14237-dumfries
https://www.datacentermap.com/usa/virginia/culpeper/amazon-aws-iad-20420-germanna/,virginia,culpeper,amazon-aws-iad-20420-germanna
https://www.datacentermap.com/usa/virginia/ashburn/amazon-aws-iad-20935-loudoun/,virginia,ashburn,amazon-aws-iad-20935-loudoun
https://www.datacentermap.com/usa/virginia/ashburn/amazon-aws-iad-20945-loudoun/,virginia,ashburn,amazon-aws-iad-20945-loudoun
https://www.datacentermap.com/usa/virginia/norfolk/amazon-aws-iad-2097-harpers-rd/,virginia,norfolk,amazon-aws-iad-2097-harpers-rd
https://www.datacentermap.com/usa/virginia/ashburn/amazon-aws-iad-21263-smith/,virginia,ashburn,amazon-aws-iad-21263-smith
https://www.datacentermap.com/usa/virginia/ashburn/amazon-aws-iad-21267-smith/,virginia,ashburn,amazon-aws-iad-21267-smith
https://www.datacentermap.com/usa/virginia/ashburn/amazon-aws-iad-21271-smith/,virginia,ashburn,amazon-aws-iad-21271-smith
https://www.datacentermap.com/usa/virginia/ashburn/amazon-aws-iad-21310-beaumeade-cir/,virginia,ashburn,amazon-aws-iad-21310-beaumeade-cir
https://www.datacentermap.com/usa/virginia/ashburn/amazon-aws-iad-21320-beaumeade-cir/,virginia,ashburn,amazon-aws-iad-21320-beaumeade-cir
https://www.datacentermap.com/usa/virginia/sterling/amazon-aws-iad-21641-charles-view/,virginia,sterling,amazon-aws-iad-21641-charles-view
https://www.datacentermap.com/usa/virginia/sterling/amazon-aws-iad-21645-charles-view/,virginia,sterling,amazon-aws-iad-21645-charles-view
https://www.datacentermap.com/usa/virginia/sterling/amazon-aws-iad-21660-charles-view/,virginia,sterling,amazon-aws-iad-21660-charles-view
https://www.datacentermap.com/usa/virginia/sterling/amazon-aws-iad-21710-charles-view/,virginia,sterling,amazon-aws-iad-21710-charles-view
https://www.datacentermap.com/usa/virginia/dulles/amazon-aws-iad-22370-kipper/,virginia,dulles,amazon-aws-iad-22370-kipper
https://www.datacentermap.com/usa/virginia/dulles/amazon-aws-iad-22420-kipper/,virginia,dulles,amazon-aws-iad-22420-kipper
https://www.datacentermap.com/usa/virginia/sterling/amazon-aws-iad-22520-randolph/,virginia,sterling,amazon-aws-iad-22520-randolph
https://www.datacentermap.com/usa/virginia/sterling/amazon-aws-iad-22630-dulles/,virginia,sterling,amazon-aws-iad-22630-dulles
https://www.datacentermap.com/usa/virginia/sterling/amazon-aws-iad-22631-dulles/,virginia,sterling,amazon-aws-iad-22631-dulles
https://www.datacentermap.com/usa/virginia/sterling/amazon-aws-iad-22651-dulles/,virginia,sterling,amazon-aws-iad-22651-dulles
https://www.datacentermap.com/usa/virginia/sterling/amazon-aws-iad-22745-relocation/,virginia,sterling,amazon-aws-iad-22745-relocation
https://www.datacentermap.com/usa/virginia/sterling/amazon-aws-iad-22755-relocation/,virginia,sterling,amazon-aws-iad-22755-relocation
https://www.datacentermap.com/usa/virginia/sterling/amazon-aws-iad-22760-pacific/,virginia,sterling,amazon-aws-iad-22760-pacific
https://www.datacentermap.com/usa/virginia/dulles/amazon-aws-iad-22890-platform/,virginia,dulles,amazon-aws-iad-22890-platform
https://www.datacentermap.com/usa/virginia/dulles/amazon-aws-iad-22900-platform/,virginia,dulles,amazon-aws-iad-22900-platform
https://www.datacentermap.com/usa/virginia/dulles/amazon-aws-iad-22940-platform/,virginia,dulles,amazon-aws-iad-22940-platform
https://www.datacentermap.com/usa/virginia/sterling/amazon-aws-iad-23825-erins/,virginia,sterling,amazon-aws-iad-23825-erins
https://www.datacentermap.com/usa/virginia/sterling/amazon-aws-iad-23835-erins/,virginia,sterling,amazon-aws-iad-23835-erins
https://www.datacentermap.com/usa/virginia/sterling/amazon-aws-iad-23845-erins/,virginia,sterling,amazon-aws-iad-23845-erins
https://www.datacentermap.com/usa/virginia/dulles/amazon-aws-iad-24214-quail/,virginia,dulles,amazon-aws-iad-24214-quail
https://www.datacentermap.com/usa/virginia/dulles/amazon-aws-iad-24224-quail/,virginia,dulles,amazon-aws-iad-24224-quail
https://www.datacentermap.com/usa/virginia/dulles/amazon-aws-iad-24234-quail/,virginia,dulles,amazon-aws-iad-24234-quail
https://www.datacentermap.com/usa/virginia/dulles/amazon-aws-iad-24244-quail/,virginia,dulles,amazon-aws-iad-24244-quail
https://www.datacentermap.com/usa/virginia/south-riding/amazon-aws-iad-24359-racefield-ln/,virginia,south-riding,amazon-aws-iad-24359-racefield-ln
https://www.datacentermap.com/usa/virginia/chantilly/amazon-aws-iad-25020-willard/,virginia,chantilly,amazon-aws-iad-25020-willard
https://www.datacentermap.com/usa/virginia/chantilly/amazon-aws-iad-25311-prediction/,virginia,chantilly,amazon-aws-iad-25311-prediction
https://www.datacentermap.com/usa/virginia/chantilly/amazon-aws-iad-25316-prediction/,virginia,chantilly,amazon-aws-iad-25316-prediction
https://www.datacentermap.com/usa/virginia/south-riding/amazon-aws-iad-25410-sutton/,virginia,south-riding,amazon-aws-iad-25410-sutton
https://www.datacentermap.com/usa/virginia/south-riding/amazon-aws-iad-25420-sutton/,virginia,south-riding,amazon-aws-iad-25420-sutton
https://www.datacentermap.com/usa/virginia/south-riding/amazon-aws-iad-25430-sutton/,virginia,south-riding,amazon-aws-iad-25430-sutton
https://www.datacentermap.com/usa/virginia/chantilly/amazon-aws-iad-4100-westfax/,virginia,chantilly,amazon-aws-iad-4100-westfax
https://www.datacentermap.com/usa/virginia/chantilly/amazon-aws-iad-4101-westfax/,virginia,chantilly,amazon-aws-iad-4101-westfax
https://www.datacentermap.com/usa/virginia/chantilly/amazon-aws-iad-4151-auto-park-cir/,virginia,chantilly,amazon-aws-iad-4151-auto-park-cir
https://www.datacentermap.com/usa/virginia/dulles/amazon-aws-iad-41992-john-mosby/,virginia,dulles,amazon-aws-iad-41992-john-mosby
https://www.datacentermap.com/usa/virginia/dulles/amazon-aws-iad-42090-reeds-farm-ln/,virginia,dulles,amazon-aws-iad-42090-reeds-farm-ln
https://www.datacentermap.com/usa/virginia/dulles/amazon-aws-iad-42090-reeds-farm-ln1/,virginia,dulles,amazon-aws-iad-42090-reeds-farm-ln1
https://www.datacentermap.com/usa/virginia/dulles/amazon-aws-iad-42800-fadeley/,virginia,dulles,amazon-aws-iad-42800-fadeley
https://www.datacentermap.com/usa/virginia/dulles/amazon-aws-iad-42948-fadeley/,virginia,dulles,amazon-aws-iad-42948-fadeley
https://www.datacentermap.com/usa/virginia/dulles/amazon-aws-iad-42949-fadeley/,virginia,dulles,amazon-aws-iad-42949-fadeley
https://www.datacentermap.com/usa/virginia/chantilly/amazon-aws-iad-43701-clubber/,virginia,chantilly,amazon-aws-iad-43701-clubber
https://www.datacentermap.com/usa/virginia/chantilly/amazon-aws-iad-43736-clubber/,virginia,chantilly,amazon-aws-iad-43736-clubber
https://www.datacentermap.com/usa/virginia/chantilly/amazon-aws-iad-43764-clubber/,virginia,chantilly,amazon-aws-iad-43764-clubber
https://www.datacentermap.com/usa/virginia/dulles/amazon-aws-iad-43764-light-speed-plz/,virginia,dulles,amazon-aws-iad-43764-light-speed-plz
https://www.datacentermap.com/usa/virginia/chantilly/amazon-aws-iad-43920-lone-cedar/,virginia,chantilly,amazon-aws-iad-43920-lone-cedar
https://www.datacentermap.com/usa/virginia/sterling/amazon-aws-iad-45110-loudoun/,virginia,sterling,amazon-aws-iad-45110-loudoun
https://www.datacentermap.com/usa/virginia/sterling/amazon-aws-iad-45111-loudoun/,virginia,sterling,amazon-aws-iad-45111-loudoun
https://www.datacentermap.com/usa/virginia/sterling/amazon-aws-iad-45210-prologis/,virginia,sterling,amazon-aws-iad-45210-prologis
https://www.datacentermap.com/usa/virginia/sterling/amazon-aws-iad-45220-prologis/,virginia,sterling,amazon-aws-iad-45220-prologis
https://www.datacentermap.com/usa/virginia/dulles/amazon-aws-iad-45775-old-ox/,virginia,dulles,amazon-aws-iad-45775-old-ox
https://www.datacentermap.com/usa/virginia/dulles/amazon-aws-iad-45795-old-ox/,virginia,dulles,amazon-aws-iad-45795-old-ox
https://www.datacentermap.com/usa/virginia/sterling/amazon-aws-iad-45900-pathfinder/,virginia,sterling,amazon-aws-iad-45900-pathfinder
https://www.datacentermap.com/usa/virginia/sterling/amazon-aws-iad-45930-pathfinder/,virginia,sterling,amazon-aws-iad-45930-pathfinder
https://www.datacentermap.com/usa/virginia/sterling/amazon-aws-iad-45950-pathfinder/,virginia,sterling,amazon-aws-iad-45950-pathfinder
https://www.datacentermap.com/usa/virginia/herndon/amazon-aws-iad-500-13860-redskin-drive/,virginia,herndon,amazon-aws-iad-500-13860-redskin-drive
https://www.datacentermap.com/usa/virginia/herndon/amazon-aws-iad-501-13876-redskin-drive/,virginia,herndon,amazon-aws-iad-501-13876-redskin-drive
https://www.datacentermap.com/usa/virginia/bristow/amazon-aws-iad-5845-wellington/,virginia,bristow,amazon-aws-iad-5845-wellington
https://www.datacentermap.com/usa/virginia/gainesville-va/amazon-aws-iad-5915-wellington/,virginia,gainesville-va,amazon-aws-iad-5915-wellington
https://www.datacentermap.com/usa/virginia/bristow/amazon-aws-iad-5945-wellington/,virginia,bristow,amazon-aws-iad-5945-wellington
https://www.datacentermap.com/usa/virginia/manassas/amazon-aws-iad-7060-wellington/,virginia,manassas,amazon-aws-iad-7060-wellington
https://www.datacentermap.com/usa/virginia/manassas/amazon-aws-iad-7070-wellington/,virginia,manassas,amazon-aws-iad-7070-wellington
https://www.datacentermap.com/usa/virginia/manassas/amazon-aws-iad-7080-wellington/,virginia,manassas,amazon-aws-iad-7080-wellington
https://www.datacentermap.com/usa/virginia/manassas/amazon-aws-iad-7151-century-park-dr/,virginia,manassas,amazon-aws-iad-7151-century-park-dr
https://www.datacentermap.com/usa/virginia/gainesville-va/amazon-aws-iad-719-blackwell-road/,virginia,gainesville-va,amazon-aws-iad-719-blackwell-road
https://www.datacentermap.com/usa/virginia/manassas/amazon-aws-iad-7350-century-park-dr/,virginia,manassas,amazon-aws-iad-7350-century-park-dr
https://www.datacentermap.com/usa/virginia/manassas/amazon-aws-iad-7500-bethlehem/,virginia,manassas,amazon-aws-iad-7500-bethlehem
https://www.datacentermap.com/usa/virginia/manassas/amazon-aws-iad-7505-mason/,virginia,manassas,amazon-aws-iad-7505-mason
https://www.datacentermap.com/usa/virginia/manassas/amazon-aws-iad-7510-mason/,virginia,manassas,amazon-aws-iad-7510-mason
https://www.datacentermap.com/usa/virginia/manassas/amazon-aws-iad-7600-doane/,virginia,manassas,amazon-aws-iad-7600-doane
https://www.datacentermap.com/usa/virginia/manassas/amazon-aws-iad-7610-mason/,virginia,manassas,amazon-aws-iad-7610-mason
https://www.datacentermap.com/usa/virginia/manassas/amazon-aws-iad-8158-sudley/,virginia,manassas,amazon-aws-iad-8158-sudley
https://www.datacentermap.com/usa/virginia/manassas/amazon-aws-iad-8180-bethlehem/,virginia,manassas,amazon-aws-iad-8180-bethlehem
https://www.datacentermap.com/usa/virginia/manassas/amazon-aws-iad-8190-bethlehem/,virginia,manassas,amazon-aws-iad-8190-bethlehem
https://www.datacentermap.com/usa/virginia/manassas/amazon-aws-iad-8200-bethlehem/,virginia,manassas,amazon-aws-iad-8200-bethlehem
https://www.datacentermap.com/usa/virginia/manassas/amazon-aws-iad-8210-bethlehem/,virginia,manassas,amazon-aws-iad-8210-bethlehem
https://www.datacentermap.com/usa/virginia/manassas/amazon-aws-iad-8401-vulcan-lane/,virginia,manassas,amazon-aws-iad-8401-vulcan-lane
https://www.datacentermap.com/usa/virginia/manassas/amazon-aws-iad-8501-vulcan-lane/,virginia,manassas,amazon-aws-iad-8501-vulcan-lane
https://www.datacentermap.com/usa/virginia/manassas/amazon-aws-iad-9020-freedom/,virginia,manassas,amazon-aws-iad-9020-freedom
https://www.datacentermap.com/usa/virginia/manassas/amazon-aws-iad-9040-freedom/,virginia,manassas,amazon-aws-iad-9040-freedom
https://www.datacentermap.com/usa/virginia/manassas/amazon-aws-iad-9680-innovation/,virginia,manassas,amazon-aws-iad-9680-innovation
https://www.datacentermap.com/usa/virginia/manassas/amazon-aws-iad-9700-innovation/,virginia,manassas,amazon-aws-iad-9700-innovation
https://www.datacentermap.com/usa/virginia/manassas/amazon-aws-iad-9720-innovation/,virginia,manassas,amazon-aws-iad-9720-innovation
https://www.datacentermap.com/usa/virginia/manassas/amazon-aws-iad-9740-innovation/,virginia,manassas,amazon-aws-iad-9740-innovation
https://www.datacentermap.com/usa/virginia/manassas/amazon-aws-iad-bethlehem-campus/,virginia,manassas,amazon-aws-iad-bethlehem-campus
https://www.datacentermap.com/usa/virginia/fredericksburg/amazon-aws-iad-birchwood-drive-campus/,virginia,fredericksburg,amazon-aws-iad-birchwood-drive-campus
https://www.datacentermap.com/usa/virginia/sterling/amazon-aws-iad-charles-v-campus/,virginia,sterling,amazon-aws-iad-charles-v-campus
https://www.datacentermap.com/usa/virginia/richmond/amazon-aws-iad-cosner-tech-campus/,virginia,richmond,amazon-aws-iad-cosner-tech-campus
https://www.datacentermap.com/usa/virginia/manassas/amazon-aws-iad-doane-campus/,virginia,manassas,amazon-aws-iad-doane-campus
https://www.datacentermap.com/usa/virginia/sterling/amazon-aws-iad-dulles-campus/,virginia,sterling,amazon-aws-iad-dulles-campus
https://www.datacentermap.com/usa/virginia/herndon/amazon-aws-iad-eds-campus/,virginia,herndon,amazon-aws-iad-eds-campus
https://www.datacentermap.com/usa/virginia/sterling/amazon-aws-iad-erins-run-campus/,virginia,sterling,amazon-aws-iad-erins-run-campus
https://www.datacentermap.com/usa/virginia/manassas/amazon-aws-iad-freedom-campus/,virginia,manassas,amazon-aws-iad-freedom-campus
https://www.datacentermap.com/usa/virginia/fredericksburg/amazon-aws-iad-hunters-ridge-campus/,virginia,fredericksburg,amazon-aws-iad-hunters-ridge-campus
https://www.datacentermap.com/usa/virginia/ashburn/amazon-aws-iad-import-campus/,virginia,ashburn,amazon-aws-iad-import-campus
https://www.datacentermap.com/usa/virginia/manassas/amazon-aws-iad-innovation-campus/,virginia,manassas,amazon-aws-iad-innovation-campus
https://www.datacentermap.com/usa/virginia/dulles/amazon-aws-iad-kipper-campus/,virginia,dulles,amazon-aws-iad-kipper-campus
https://www.datacentermap.com/usa/virginia/richmond/amazon-aws-iad-louisa-county/,virginia,richmond,amazon-aws-iad-louisa-county
https://www.datacentermap.com/usa/virginia/manassas/amazon-aws-iad-mason-campus/,virginia,manassas,amazon-aws-iad-mason-campus
https://www.datacentermap.com/usa/virginia/richmond/amazon-aws-iad-massaponax-church-rd/,virginia,richmond,amazon-aws-iad-massaponax-church-rd
https://www.datacentermap.com/usa/virginia/richmond/amazon-aws-iad-mattermeade-campus/,virginia,richmond,amazon-aws-iad-mattermeade-campus
https://www.datacentermap.com/usa/virginia/fredericksburg/amazon-aws-iad-orrock-tech-campus/,virginia,fredericksburg,amazon-aws-iad-orrock-tech-campus
https://www.datacentermap.com/usa/virginia/sterling/amazon-aws-iad-pathfinder-campus/,virginia,sterling,amazon-aws-iad-pathfinder-campus
https://www.datacentermap.com/usa/virginia/sterling/amazon-aws-iad-prologis-campus/,virginia,sterling,amazon-aws-iad-prologis-campus
https://www.datacentermap.com/usa/virginia/dulles/amazon-aws-iad-quail-campus/,virginia,dulles,amazon-aws-iad-quail-campus
https://www.datacentermap.com/usa/virginia/sterling/amazon-aws-iad-relocation-campus/,virginia,sterling,amazon-aws-iad-relocation-campus
https://www.datacentermap.com/usa/virginia/herndon/amazon-aws-iad-renaissance-park/,virginia,herndon,amazon-aws-iad-renaissance-park
https://www.datacentermap.com/usa/virginia/ashburn/amazon-aws-iad-smith-campus/,virginia,ashburn,amazon-aws-iad-smith-campus
https://www.datacentermap.com/usa/virginia/south-riding/amazon-aws-iad-sutton-bay-campus/,virginia,south-riding,amazon-aws-iad-sutton-bay-campus
https://www.datacentermap.com/usa/virginia/south-riding/amazon-aws-iad-sutton-campus/,virginia,south-riding,amazon-aws-iad-sutton-campus
https://www.datacentermap.com/usa/virginia/manassas/amazon-aws-iad-tanner-campus/,virginia,manassas,amazon-aws-iad-tanner-campus
https://www.datacentermap.com/usa/virginia/manassas/amazon-aws-iad-thomasson-campus/,virginia,manassas,amazon-aws-iad-thomasson-campus
https://www.datacentermap.com/usa/virginia/chantilly/amazon-aws-iad-virginia-mallory-1/,virginia,chantilly,amazon-aws-iad-virginia-mallory-1
https://www.datacentermap.com/usa/virginia/chantilly/amazon-aws-iad-virginia-mallory-2/,virginia,chantilly,amazon-aws-iad-virginia-mallory-2
https://www.datacentermap.com/usa/virginia/chantilly/amazon-aws-iad-virginia-mallory-3/,virginia,chantilly,amazon-aws-iad-virginia-mallory-3
https://www.datacentermap.com/usa/virginia/manassas/amazon-aws-iad-wellington-campus/,virginia,manassas,amazon-aws-iad-wellington-campus
https://www.datacentermap.com/usa/virginia/bristow/amazon-aws-iad-wellington-campus1/,virginia,bristow,amazon-aws-iad-wellington-campus1
https://www.datacentermap.com/usa/virginia/chantilly/amazon-aws-iad-westfax-campus/,virginia,chantilly,amazon-aws-iad-westfax-campus
https://www.datacentermap.com/usa/virginia/richmond/amazon-aws-lake-anna-tech-campus/,virginia,richmond,amazon-aws-lake-anna-tech-campus
https://www.datacentermap.com/usa/virginia/gainesville-va/ntt-gainesville-campus/,virginia,gainesville-va,ntt-gainesville-campus
https://www.datacentermap.com/usa/virginia/gainesville-va/ntt-gainesville-va10/,virginia,gainesville-va,ntt-gainesville-va10
https://www.datacentermap.com/usa/virginia/gainesville-va/ntt-gainesville-va11/,virginia,gainesville-va,ntt-gainesville-va11
https://www.datacentermap.com/usa/virginia/gainesville-va/ntt-gainesville-va12/,virginia,gainesville-va,ntt-gainesville-va12
https://www.datacentermap.com/usa/virginia/gainesville-va/ntt-gainesville-va13/,virginia,gainesville-va,ntt-gainesville-va13
https://www.datacentermap.com/usa/virginia/dulles/old-ox-road/,virginia,dulles,old-ox-road
https://www.datacentermap.com/usa/virginia/manassas/ovhcloud-vint-hill/,virginia,manassas,ovhcloud-vint-hill
https://www.datacentermap.com/usa/virginia/richmond/pixel-factory-data-center/,virginia,richmond,pixel-factory-data-center
https://www.datacentermap.com/usa/virginia/sterling/pointone-ashburn-data-center-campus/,virginia,sterling,pointone-ashburn-data-center-campus
https://www.datacentermap.com/usa/virginia/richmond/pointone-richmond-data-center-campus/,virginia,richmond,pointone-richmond-data-center-campus
https://www.datacentermap.com/usa/virginia/sterling/pointone-sterling/,virginia,sterling,pointone-sterling
https://www.datacentermap.com/usa/virginia/fredericksburg/powerhouse-95/,virginia,fredericksburg,powerhouse-95
https://www.datacentermap.com/usa/virginia/fredericksburg/powerhouse-95-building-1/,virginia,fredericksburg,powerhouse-95-building-1
https://www.datacentermap.com/usa/virginia/fredericksburg/powerhouse-95-building-2/,virginia,fredericksburg,powerhouse-95-building-2
https://www.datacentermap.com/usa/virginia/fredericksburg/powerhouse-95-building-3/,virginia,fredericksburg,powerhouse-95-building-3
https://www.datacentermap.com/usa/virginia/fredericksburg/powerhouse-95-building-4/,virginia,fredericksburg,powerhouse-95-building-4
https://www.datacentermap.com/usa/virginia/fredericksburg/powerhouse-95-building-5/,virginia,fredericksburg,powerhouse-95-building-5
https://www.datacentermap.com/usa/virginia/fredericksburg/powerhouse-95-building-6/,virginia,fredericksburg,powerhouse-95-building-6
https://www.datacentermap.com/usa/virginia/ashburn/powerhouse-abx1/,virginia,ashburn,powerhouse-abx1
https://www.datacentermap.com/usa/virginia/dulles/powerhouse-arcola/,virginia,dulles,powerhouse-arcola
https://www.datacentermap.com/usa/virginia/dulles/powerhouse-arcola-building-a/,virginia,dulles,powerhouse-arcola-building-a
https://www.datacentermap.com/usa/virginia/dulles/powerhouse-arcola-building-b/,virginia,dulles,powerhouse-arcola-building-b
https://www.datacentermap.com/usa/virginia/sterling/powerhouse-pacific/,virginia,sterling,powerhouse-pacific
https://www.datacentermap.com/usa/virginia/sterling/powerhouse-pacific-building-a/,virginia,sterling,powerhouse-pacific-building-a
https://www.datacentermap.com/usa/virginia/sterling/powerhouse-pacific-building-b/,virginia,sterling,powerhouse-pacific-building-b
https://www.datacentermap.com/usa/virginia/sterling/powerhouse-pacific-building-c/,virginia,sterling,powerhouse-pacific-building-c
https://www.datacentermap.com/usa/virginia/manassas/power-loft-innovation/,virginia,manassas,power-loft-innovation
https://www.datacentermap.com/usa/virginia/fredericksburg/project-sisson-campus/,virginia,fredericksburg,project-sisson-campus
https://www.datacentermap.com/usa/virginia/fredericksburg/project-sisson-dc1/,virginia,fredericksburg,project-sisson-dc1
https://www.datacentermap.com/usa/virginia/fredericksburg/project-sisson-dc10/,virginia,fredericksburg,project-sisson-dc10
https://www.datacentermap.com/usa/virginia/fredericksburg/project-sisson-dc11/,virginia,fredericksburg,project-sisson-dc11
https://www.datacentermap.com/usa/virginia/fredericksburg/project-sisson-dc12/,virginia,fredericksburg,project-sisson-dc12
https://www.datacentermap.com/usa/virginia/fredericksburg/project-sisson-dc13/,virginia,fredericksburg,project-sisson-dc13
https://www.datacentermap.com/usa/virginia/fredericksburg/project-sisson-dc14/,virginia,fredericksburg,project-sisson-dc14
https://www.datacentermap.com/usa/virginia/fredericksburg/project-sisson-dc15/,virginia,fredericksburg,project-sisson-dc15
https://www.datacentermap.com/usa/virginia/fredericksburg/project-sisson-dc16/,virginia,fredericksburg,project-sisson-dc16
https://www.datacentermap.com/usa/virginia/fredericksburg/project-sisson-dc2/,virginia,fredericksburg,project-sisson-dc2
https://www.datacentermap.com/usa/virginia/fredericksburg/project-sisson-dc3/,virginia,fredericksburg,project-sisson-dc3
https://www.datacentermap.com/usa/virginia/fredericksburg/project-sisson-dc4/,virginia,fredericksburg,project-sisson-dc4
https://www.datacentermap.com/usa/virginia/fredericksburg/project-sisson-dc5/,virginia,fredericksburg,project-sisson-dc5
https://www.datacentermap.com/usa/virginia/fredericksburg/project-sisson-dc6/,virginia,fredericksburg,project-sisson-dc6
https://www.datacentermap.com/usa/virginia/fredericksburg/project-sisson-dc7/,virginia,fredericksburg,project-sisson-dc7
https://www.datacentermap.com/usa/virginia/fredericksburg/project-sisson-dc8/,virginia,fredericksburg,project-sisson-dc8
https://www.datacentermap.com/usa/virginia/fredericksburg/project-sisson-dc9/,virginia,fredericksburg,project-sisson-dc9
https://www.datacentermap.com/usa/virginia/harrisonburg/project-tallmadge/,virginia,harrisonburg,project-tallmadge
https://www.datacentermap.com/usa/virginia/harrisonburg/project-tallmadge-building-1/,virginia,harrisonburg,project-tallmadge-building-1
https://www.datacentermap.com/usa/virginia/harrisonburg/project-tallmadge-building-2/,virginia,harrisonburg,project-tallmadge-building-2
https://www.datacentermap.com/usa/virginia/gainesville-va/project-turbo/,virginia,gainesville-va,project-turbo
https://www.datacentermap.com/usa/virginia/gainesville-va/project-turbo-building-a/,virginia,gainesville-va,project-turbo-building-a
https://www.datacentermap.com/usa/virginia/gainesville-va/project-turbo-building-b/,virginia,gainesville-va,project-turbo-building-b
https://www.datacentermap.com/usa/virginia/gainesville-va/project-turbo-building-c/,virginia,gainesville-va,project-turbo-building-c
https://www.datacentermap.com/usa/virginia/sterling/prologis-42121-global-plaza/,virginia,sterling,prologis-42121-global-plaza
https://www.datacentermap.com/usa/virginia/sterling/prologis-45120-global-plaza/,virginia,sterling,prologis-45120-global-plaza
https://www.datacentermap.com/usa/virginia/sterling/prologis-45181-global-plaza/,virginia,sterling,prologis-45181-global-plaza
https://www.datacentermap.com/usa/virginia/sterling/prologis-executive-dr/,virginia,sterling,prologis-executive-dr
https://www.datacentermap.com/usa/virginia/sterling/prologis-global-plaza/,virginia,sterling,prologis-global-plaza
https://www.datacentermap.com/usa/virginia/manassas/prp-7816-bethlehem/,virginia,manassas,prp-7816-bethlehem
https://www.datacentermap.com/usa/virginia/ashburn/qts-ash3-dc1/,virginia,ashburn,qts-ash3-dc1
https://www.datacentermap.com/usa/virginia/ashburn/qts-ash3-dc2/,virginia,ashburn,qts-ash3-dc2
https://www.datacentermap.com/usa/virginia/sterling/qts-ashburn/,virginia,sterling,qts-ashburn
https://www.datacentermap.com/usa/virginia/sterling/qts-ashburn-2/,virginia,sterling,qts-ashburn-2
https://www.datacentermap.com/usa/virginia/sterling/qts-ashburn-lockridge/,virginia,sterling,qts-ashburn-lockridge
https://www.datacentermap.com/usa/virginia/sterling/qts-ashburn-moran/,virginia,sterling,qts-ashburn-moran
https://www.datacentermap.com/usa/virginia/ashburn/qts-ashburn-shellhorn-campus/,virginia,ashburn,qts-ashburn-shellhorn-campus
https://www.datacentermap.com/usa/virginia/dulles/qts-dulles-the-vault/,virginia,dulles,qts-dulles-the-vault
https://www.datacentermap.com/usa/virginia/harrisonburg/qts-harrisonburg/,virginia,harrisonburg,qts-harrisonburg
https://www.datacentermap.com/usa/virginia/manassas/qts-manassas/,virginia,manassas,qts-manassas
https://www.datacentermap.com/usa/virginia/manassas/qts-manassas1/,virginia,manassas,qts-manassas1
https://www.datacentermap.com/usa/virginia/manassas/qts-manassas2/,virginia,manassas,qts-manassas2
https://www.datacentermap.com/usa/virginia/manassas/qts-manassas5/,virginia,manassas,qts-manassas5
https://www.datacentermap.com/usa/virginia/manassas/qts-manassas-data-center-campus/,virginia,manassas,qts-manassas-data-center-campus
https://www.datacentermap.com/usa/virginia/richmond/qts-richmond/,virginia,richmond,qts-richmond
https://www.datacentermap.com/usa/virginia/ashburn/quantum-connect/,virginia,ashburn,quantum-connect
https://www.datacentermap.com/usa/virginia/ashburn/rackspace/,virginia,ashburn,rackspace
https://www.datacentermap.com/usa/virginia/ashburn/ragingwire-ashburn/,virginia,ashburn,ragingwire-ashburn
https://www.datacentermap.com/usa/virginia/lexington-va/rap-data-center/,virginia,lexington-va,rap-data-center
https://www.datacentermap.com/usa/virginia/ashburn/remington-technology-park/,virginia,ashburn,remington-technology-park
https://www.datacentermap.com/usa/virginia/culpeper/samx-data-center/,virginia,culpeper,samx-data-center
https://www.datacentermap.com/usa/virginia/ashburn/sdc-ashburn-b/,virginia,ashburn,sdc-ashburn-b
https://www.datacentermap.com/usa/virginia/ashburn/sdc-ashburn-campus/,virginia,ashburn,sdc-ashburn-campus
https://www.datacentermap.com/usa/virginia/vienna-virginia/serverfarm-vienna-cloud/,virginia,vienna-virginia,serverfarm-vienna-cloud
https://www.datacentermap.com/usa/virginia/vienna-virginia/serverfarm-vienna-dc1/,virginia,vienna-virginia,serverfarm-vienna-dc1
https://www.datacentermap.com/usa/virginia/sterling/skybox-nova-one/,virginia,sterling,skybox-nova-one
https://www.datacentermap.com/usa/virginia/chantilly/softlayer-wdc01/,virginia,chantilly,softlayer-wdc01
https://www.datacentermap.com/usa/virginia/norfolk/solutrix-norfolk-square/,virginia,norfolk,solutrix-norfolk-square
https://www.datacentermap.com/usa/virginia/danville/stack-infrastructure-berry-hill/,virginia,danville,stack-infrastructure-berry-hill
https://www.datacentermap.com/usa/virginia/fredericksburg/stack-infrastructure-fredericksburg/,virginia,fredericksburg,stack-infrastructure-fredericksburg
https://www.datacentermap.com/usa/virginia/ashburn/stack-infrastructure-loudoun-county/,virginia,ashburn,stack-infrastructure-loudoun-county
https://www.datacentermap.com/usa/virginia/bristow/stack-infrastructure-nva02a/,virginia,bristow,stack-infrastructure-nva02a
https://www.datacentermap.com/usa/virginia/bristow/stack-infrastructure-nva02b/,virginia,bristow,stack-infrastructure-nva02b
https://www.datacentermap.com/usa/virginia/bristow/stack-infrastructure-nva02c/,virginia,bristow,stack-infrastructure-nva02c
https://www.datacentermap.com/usa/virginia/bristow/stack-infrastructure-nva02-campus/,virginia,bristow,stack-infrastructure-nva02-campus
https://www.datacentermap.com/usa/virginia/bristow/stack-infrastructure-nva02d/,virginia,bristow,stack-infrastructure-nva02d
https://www.datacentermap.com/usa/virginia/bristow/stack-infrastructure-nva02e/,virginia,bristow,stack-infrastructure-nva02e
https://www.datacentermap.com/usa/virginia/manassas/stack-infrastructure-nva02f/,virginia,manassas,stack-infrastructure-nva02f
https://www.datacentermap.com/usa/virginia/manassas/stack-infrastructure-nva02g/,virginia,manassas,stack-infrastructure-nva02g
https://www.datacentermap.com/usa/virginia/bristow/stack-infrastructure-nva02h/,virginia,bristow,stack-infrastructure-nva02h
https://www.datacentermap.com/usa/virginia/bristow/stack-infrastructure-nva02i/,virginia,bristow,stack-infrastructure-nva02i
https://www.datacentermap.com/usa/virginia/bristow/stack-infrastructure-nva02j/,virginia,bristow,stack-infrastructure-nva02j
https://www.datacentermap.com/usa/virginia/manassas/stack-infrastructure-nva03/,virginia,manassas,stack-infrastructure-nva03
https://www.datacentermap.com/usa/virginia/sterling/stack-infrastructure-nva04a/,virginia,sterling,stack-infrastructure-nva04a
https://www.datacentermap.com/usa/virginia/sterling/stack-infrastructure-nva04b/,virginia,sterling,stack-infrastructure-nva04b
https://www.datacentermap.com/usa/virginia/sterling/stack-infrastructure-nva04c/,virginia,sterling,stack-infrastructure-nva04c
https://www.datacentermap.com/usa/virginia/sterling/stack-infrastructure-nva04-campus/,virginia,sterling,stack-infrastructure-nva04-campus
https://www.datacentermap.com/usa/virginia/manassas/stack-infrastructure-nva05a/,virginia,manassas,stack-infrastructure-nva05a
https://www.datacentermap.com/usa/virginia/manassas/stack-infrastructure-nva05b/,virginia,manassas,stack-infrastructure-nva05b
https://www.datacentermap.com/usa/virginia/manassas/stack-infrastructure-nva05c/,virginia,manassas,stack-infrastructure-nva05c
https://www.datacentermap.com/usa/virginia/manassas/stack-infrastructure-nva05d/,virginia,manassas,stack-infrastructure-nva05d
https://www.datacentermap.com/usa/virginia/ashburn/stack-infrastructure-nva06/,virginia,ashburn,stack-infrastructure-nva06
https://www.datacentermap.com/usa/virginia/ashburn/stack-infrastructure-nva06b/,virginia,ashburn,stack-infrastructure-nva06b
https://www.datacentermap.com/usa/virginia/ashburn/stack-loudoun-county-building-1/,virginia,ashburn,stack-loudoun-county-building-1
https://www.datacentermap.com/usa/virginia/ashburn/stack-loudoun-county-building-2/,virginia,ashburn,stack-loudoun-county-building-2
https://www.datacentermap.com/usa/virginia/fredericksburg/stafford-technology-campus/,virginia,fredericksburg,stafford-technology-campus
https://www.datacentermap.com/usa/virginia/fredericksburg/stafford-technology-campus-building-1/,virginia,fredericksburg,stafford-technology-campus-building-1
https://www.datacentermap.com/usa/virginia/fredericksburg/stafford-technology-campus-building-10/,virginia,fredericksburg,stafford-technology-campus-building-10
https://www.datacentermap.com/usa/virginia/fredericksburg/stafford-technology-campus-building-11/,virginia,fredericksburg,stafford-technology-campus-building-11
https://www.datacentermap.com/usa/virginia/fredericksburg/stafford-technology-campus-building-12/,virginia,fredericksburg,stafford-technology-campus-building-12
https://www.datacentermap.com/usa/virginia/fredericksburg/stafford-technology-campus-building-13/,virginia,fredericksburg,stafford-technology-campus-building-13
https://www.datacentermap.com/usa/virginia/fredericksburg/stafford-technology-campus-building-14/,virginia,fredericksburg,stafford-technology-campus-building-14
https://www.datacentermap.com/usa/virginia/fredericksburg/stafford-technology-campus-building-15/,virginia,fredericksburg,stafford-technology-campus-building-15
https://www.datacentermap.com/usa/virginia/fredericksburg/stafford-technology-campus-building-16/,virginia,fredericksburg,stafford-technology-campus-building-16
https://www.datacentermap.com/usa/virginia/fredericksburg/stafford-technology-campus-building-17/,virginia,fredericksburg,stafford-technology-campus-building-17
https://www.datacentermap.com/usa/virginia/fredericksburg/stafford-technology-campus-building-18/,virginia,fredericksburg,stafford-technology-campus-building-18
https://www.datacentermap.com/usa/virginia/fredericksburg/stafford-technology-campus-building-19/,virginia,fredericksburg,stafford-technology-campus-building-19
https://www.datacentermap.com/usa/virginia/fredericksburg/stafford-technology-campus-building-2/,virginia,fredericksburg,stafford-technology-campus-building-2
https://www.datacentermap.com/usa/virginia/fredericksburg/stafford-technology-campus-building-20/,virginia,fredericksburg,stafford-technology-campus-building-20
https://www.datacentermap.com/usa/virginia/fredericksburg/stafford-technology-campus-building-21/,virginia,fredericksburg,stafford-technology-campus-building-21
https://www.datacentermap.com/usa/virginia/fredericksburg/stafford-technology-campus-building-22/,virginia,fredericksburg,stafford-technology-campus-building-22
https://www.datacentermap.com/usa/virginia/fredericksburg/stafford-technology-campus-building-23/,virginia,fredericksburg,stafford-technology-campus-building-23
https://www.datacentermap.com/usa/virginia/fredericksburg/stafford-technology-campus-building-3/,virginia,fredericksburg,stafford-technology-campus-building-3
https://www.datacentermap.com/usa/virginia/fredericksburg/stafford-technology-campus-building-4/,virginia,fredericksburg,stafford-technology-campus-building-4
https://www.datacentermap.com/usa/virginia/fredericksburg/stafford-technology-campus-building-5/,virginia,fredericksburg,stafford-technology-campus-building-5
https://www.datacentermap.com/usa/virginia/fredericksburg/stafford-technology-campus-building-6/,virginia,fredericksburg,stafford-technology-campus-building-6
https://www.datacentermap.com/usa/virginia/fredericksburg/stafford-technology-campus-building-7/,virginia,fredericksburg,stafford-technology-campus-building-7
https://www.datacentermap.com/usa/virginia/fredericksburg/stafford-technology-campus-building-8/,virginia,fredericksburg,stafford-technology-campus-building-8
https://www.datacentermap.com/usa/virginia/fredericksburg/stafford-technology-campus-building-9/,virginia,fredericksburg,stafford-technology-campus-building-9
https://www.datacentermap.com/usa/virginia/vienna-virginia/switchdata-vienna1/,virginia,vienna-virginia,switchdata-vienna1
https://www.datacentermap.com/usa/virginia/vienna-virginia/switchdata-vienna2/,virginia,vienna-virginia,switchdata-vienna2
https://www.datacentermap.com/usa/virginia/richmond/tecfusions-clarksville/,virginia,richmond,tecfusions-clarksville
https://www.datacentermap.com/usa/virginia/ashburn/tech-park-at-brambleton/,virginia,ashburn,tech-park-at-brambleton
https://www.datacentermap.com/usa/virginia/norfolk/telxius-virginia-beach-cls/,virginia,norfolk,telxius-virginia-beach-cls
https://www.datacentermap.com/usa/virginia/richmond/the-carmel-church-data-hub/,virginia,richmond,the-carmel-church-data-hub
https://www.datacentermap.com/usa/virginia/ashburn/tuscarora-crossing-bldg-1/,virginia,ashburn,tuscarora-crossing-bldg-1
https://www.datacentermap.com/usa/virginia/ashburn/tuscarora-crossing-bldg-2/,virginia,ashburn,tuscarora-crossing-bldg-2
https://www.datacentermap.com/usa/virginia/ashburn/tuscarora-crossing-bldg-3/,virginia,ashburn,tuscarora-crossing-bldg-3
https://www.datacentermap.com/usa/virginia/ashburn/tuscarora-crossing-campus/,virginia,ashburn,tuscarora-crossing-campus
https://www.datacentermap.com/usa/virginia/charlottesville/university-of-virginia-data-center/,virginia,charlottesville,university-of-virginia-data-center
https://www.datacentermap.com/usa/virginia/charlottesville/uva-carruthers-data-center/,virginia,charlottesville,uva-carruthers-data-center
https://www.datacentermap.com/usa/virginia/charlottesville/uva-fontaine-data-center/,virginia,charlottesville,uva-fontaine-data-center
https://www.datacentermap.com/usa/virginia/sterling/vantage-va11/,virginia,sterling,vantage-va11
https://www.datacentermap.com/usa/virginia/sterling/vantage-va12/,virginia,sterling,vantage-va12
https://www.datacentermap.com/usa/virginia/sterling/vantage-va13/,virginia,sterling,vantage-va13
https://www.datacentermap.com/usa/virginia/sterling/vantage-va14/,virginia,sterling,vantage-va14
https://www.datacentermap.com/usa/virginia/sterling/vantage-va15/,virginia,sterling,vantage-va15
https://www.datacentermap.com/usa/virginia/sterling/vantage-va1-campus/,virginia,sterling,vantage-va1-campus
https://www.datacentermap.com/usa/virginia/sterling/vantage-va21/,virginia,sterling,vantage-va21
https://www.datacentermap.com/usa/virginia/sterling/vantage-va22/,virginia,sterling,vantage-va22
https://www.datacentermap.com/usa/virginia/sterling/vantage-va23/,virginia,sterling,vantage-va23
https://www.datacentermap.com/usa/virginia/sterling/vantage-va2-campus/,virginia,sterling,vantage-va2-campus
https://www.datacentermap.com/usa/virginia/ashburn/vantage-va3-ashburn-iii-campus/,virginia,ashburn,vantage-va3-ashburn-iii-campus
https://www.datacentermap.com/usa/virginia/fredericksburg/vantage-va4-fredericksburg/,virginia,fredericksburg,vantage-va4-fredericksburg
https://www.datacentermap.com/usa/virginia/vienna-virginia/va-vps/,virginia,vienna-virginia,va-vps
https://www.datacentermap.com/usa/virginia/manassas/vazata-nova-i/,virginia,manassas,vazata-nova-i
https://www.datacentermap.com/usa/virginia/manassas/verizon-manassas/,virginia,manassas,verizon-manassas
https://www.datacentermap.com/usa/virginia/gainesville-va/village-place-technology-park/,virginia,gainesville-va,village-place-technology-park
https://www.datacentermap.com/usa/virginia/gainesville-va/village-place-tech-park-bldg-1/,virginia,gainesville-va,village-place-tech-park-bldg-1
https://www.datacentermap.com/usa/virginia/gainesville-va/village-place-tech-park-bldg-2/,virginia,gainesville-va,village-place-tech-park-bldg-2
https://www.datacentermap.com/usa/virginia/gainesville-va/village-place-tech-park-bldg-3/,virginia,gainesville-va,village-place-tech-park-bldg-3
https://www.datacentermap.com/usa/virginia/gainesville-va/village-place-tech-park-bldg-4/,virginia,gainesville-va,village-place-tech-park-bldg-4
https://www.datacentermap.com/usa/virginia/vienna-virginia/virtustream-vienna/,virginia,vienna-virginia,virtustream-vienna
https://www.datacentermap.com/usa/virginia/ashburn/visa-ashburn/,virginia,ashburn,visa-ashburn
https://www.datacentermap.com/usa/virginia/ashburn/windstream-ashburn/,virginia,ashburn,windstream-ashburn
https://www.datacentermap.com/usa/virginia/sterling/windstream-sterling/,virginia,sterling,windstream-sterling
https://www.datacentermap.com/usa/virginia/dulles/yondr-loundoun-county-campus/,virginia,dulles,yondr-loundoun-county-campus
https://www.datacentermap.com/usa/virginia/dulles/yondr-loundoun-county-dc1/,virginia,dulles,yondr-loundoun-county-dc1
https://www.datacentermap.com/usa/virginia/dulles/yondr-loundoun-county-dc2/,virginia,dulles,yondr-loundoun-county-dc2
https://www.datacentermap.com/usa/virginia/manassas/amazon-dumfries-rd-colchester-park/,virginia,manassas,amazon-dumfries-rd-colchester-park
https://www.datacentermap.com/usa/virginia/ashburn/amazon-iad-44254-import/,virginia,ashburn,amazon-iad-44254-import
https://www.datacentermap.com/usa/virginia/ashburn/amazon-iad-44305-import/,virginia,ashburn,amazon-iad-44305-import
https://www.datacentermap.com/usa/virginia/ashburn/amazon-iad-44351-import/,virginia,ashburn,amazon-iad-44351-import
https://www.datacentermap.com/usa/virginia/herndon/aptum-herndon/,virginia,herndon,aptum-herndon
https://www.datacentermap.com/usa/virginia/ashburn/ashburn2/,virginia,ashburn,ashburn2
https://www.datacentermap.com/usa/virginia/ashburn/ashburn-wdc1/,virginia,ashburn,ashburn-wdc1
https://www.datacentermap.com/usa/virginia/south-west-virginia/atac-sw-virginia/,virginia,south-west-virginia,atac-sw-virginia
https://www.datacentermap.com/usa/virginia/vienna-virginia/ati-dc1/,virginia,vienna-virginia,ati-dc1
https://www.datacentermap.com/usa/virginia/chantilly/ati-dc2/,virginia,chantilly,ati-dc2
https://www.datacentermap.com/usa/virginia/ashburn/att-21561-beaumeade/,virginia,ashburn,att-21561-beaumeade
https://www.datacentermap.com/usa/virginia/ashburn/att-21571-beaumeade/,virginia,ashburn,att-21571-beaumeade
https://www.datacentermap.com/usa/virginia/richmond/avaio-appomattox/,virginia,richmond,avaio-appomattox
https://www.datacentermap.com/usa/virginia/richmond/avaio-ladysmith-campus/,virginia,richmond,avaio-ladysmith-campus
https://www.datacentermap.com/usa/virginia/chantilly/aws-clubber-prediction-campus/,virginia,chantilly,aws-clubber-prediction-campus
https://www.datacentermap.com/usa/virginia/richmond/aws-desper-creek-technology-campus/,virginia,richmond,aws-desper-creek-technology-campus
https://www.datacentermap.com/usa/virginia/fredericksburg/aws-iad-123-old-potomac-church-rd/,virginia,fredericksburg,aws-iad-123-old-potomac-church-rd
https://www.datacentermap.com/usa/virginia/fredericksburg/aws-iad-125-old-potomac-church-rd/,virginia,fredericksburg,aws-iad-125-old-potomac-church-rd
https://www.datacentermap.com/usa/virginia/sterling/aws-iad-1304-squire/,virginia,sterling,aws-iad-1304-squire
https://www.datacentermap.com/usa/virginia/gainesville-va/aws-iad-15395-john-marshall/,virginia,gainesville-va,aws-iad-15395-john-marshall
https://www.datacentermap.com/usa/virginia/gainesville-va/aws-iad-15455-john-marshall/,virginia,gainesville-va,aws-iad-15455-john-marshall
https://www.datacentermap.com/usa/virginia/gainesville-va/aws-iad-15455-john-marshall1/,virginia,gainesville-va,aws-iad-15455-john-marshall1
https://www.datacentermap.com/usa/virginia/gainesville-va/aws-iad-15465-john-marshall/,virginia,gainesville-va,aws-iad-15465-john-marshall
https://www.datacentermap.com/usa/virginia/gainesville-va/aws-iad-15475-john-marshall/,virginia,gainesville-va,aws-iad-15475-john-marshall
https://www.datacentermap.com/usa/virginia/sterling/aws-iad-21195-atlantic-blvd/,virginia,sterling,aws-iad-21195-atlantic-blvd
https://www.datacentermap.com/usa/virginia/sterling/aws-iad-21205-atlantic-blvd/,virginia,sterling,aws-iad-21205-atlantic-blvd
https://www.datacentermap.com/usa/virginia/sterling/aws-iad-21215-atlantic-blvd/,virginia,sterling,aws-iad-21215-atlantic-blvd
https://www.datacentermap.com/usa/virginia/ashburn/aws-iad-21310-21320-beaumeade-cir/,virginia,ashburn,aws-iad-21310-21320-beaumeade-cir
https://www.datacentermap.com/usa/virginia/sterling/aws-iad-22868-international/,virginia,sterling,aws-iad-22868-international
https://www.datacentermap.com/usa/virginia/sterling/aws-iad-22945-international/,virginia,sterling,aws-iad-22945-international
https://www.datacentermap.com/usa/virginia/sterling/aws-iad-23005-international/,virginia,sterling,aws-iad-23005-international
https://www.datacentermap.com/usa/virginia/dulles/aws-iad-24178-upper-woodside/,virginia,dulles,aws-iad-24178-upper-woodside
https://www.datacentermap.com/usa/virginia/dulles/aws-iad-24185-upper-woodside/,virginia,dulles,aws-iad-24185-upper-woodside
https://www.datacentermap.com/usa/virginia/dulles/aws-iad-43649-light-speed-plz-a/,virginia,dulles,aws-iad-43649-light-speed-plz-a
https://www.datacentermap.com/usa/virginia/dulles/aws-iad-43649-light-speed-plz-b/,virginia,dulles,aws-iad-43649-light-speed-plz-b
https://www.datacentermap.com/usa/virginia/dulles/aws-iad-43765-light-speed-plz-d/,virginia,dulles,aws-iad-43765-light-speed-plz-d
https://www.datacentermap.com/usa/virginia/dulles/aws-iad-43855-light-speed-plz-c/,virginia,dulles,aws-iad-43855-light-speed-plz-c
https://www.datacentermap.com/usa/virginia/ashburn/aws-iad-44854-interconnection/,virginia,ashburn,aws-iad-44854-interconnection
https://www.datacentermap.com/usa/virginia/ashburn/aws-iad-44858-interconnection/,virginia,ashburn,aws-iad-44858-interconnection
https://www.datacentermap.com/usa/virginia/ashburn/aws-iad-44862-interconnection/,virginia,ashburn,aws-iad-44862-interconnection
https://www.datacentermap.com/usa/virginia/sterling/aws-iad-45259-severn/,virginia,sterling,aws-iad-45259-severn
https://www.datacentermap.com/usa/virginia/sterling/aws-iad-45305-severn/,virginia,sterling,aws-iad-45305-severn
https://www.datacentermap.com/usa/virginia/sterling/aws-iad-45360-severn/,virginia,sterling,aws-iad-45360-severn
https://www.datacentermap.com/usa/virginia/sterling/aws-iad-atlantic-blvd-campus/,virginia,sterling,aws-iad-atlantic-blvd-campus
https://www.datacentermap.com/usa/virginia/dulles/aws-iad-fadeley-woodside-campus/,virginia,dulles,aws-iad-fadeley-woodside-campus
https://www.datacentermap.com/usa/virginia/ashburn/aws-iad-interconnection-campus/,virginia,ashburn,aws-iad-interconnection-campus
https://www.datacentermap.com/usa/virginia/sterling/aws-iad-international-campus/,virginia,sterling,aws-iad-international-campus
https://www.datacentermap.com/usa/virginia/gainesville-va/aws-iad-john-marshall-campus/,virginia,gainesville-va,aws-iad-john-marshall-campus
https://www.datacentermap.com/usa/virginia/gainesville-va/aws-iad-john-marshall-campus1/,virginia,gainesville-va,aws-iad-john-marshall-campus1
https://www.datacentermap.com/usa/virginia/dulles/aws-iad-light-speed-plz-campus/,virginia,dulles,aws-iad-light-speed-plz-campus
https://www.datacentermap.com/usa/virginia/ashburn/aws-iad-loudoun-county-campus/,virginia,ashburn,aws-iad-loudoun-county-campus
https://www.datacentermap.com/usa/virginia/sterling/aws-iad-loudoun-downs-campus/,virginia,sterling,aws-iad-loudoun-downs-campus
https://www.datacentermap.com/usa/virginia/dulles/aws-iad-platform-old-ox-campus/,virginia,dulles,aws-iad-platform-old-ox-campus
https://www.datacentermap.com/usa/virginia/fredericksburg/aws-iad-potomac-church-tech-center/,virginia,fredericksburg,aws-iad-potomac-church-tech-center
https://www.datacentermap.com/usa/virginia/sterling/aws-iad-severn-squire-campus/,virginia,sterling,aws-iad-severn-squire-campus
https://www.datacentermap.com/usa/virginia/chantilly/aws-iad-virginia-mallory-campus/,virginia,chantilly,aws-iad-virginia-mallory-campus
https://www.datacentermap.com/usa/virginia/manassas/aws-iad-wellington-glen-tech-park/,virginia,manassas,aws-iad-wellington-glen-tech-park
https://www.datacentermap.com/usa/virginia/richmond/aws-northeast-creek-technology-campus/,virginia,richmond,aws-northeast-creek-technology-campus
https://www.datacentermap.com/usa/virginia/gainesville-va/big-red-apple-innovation-corridor/,virginia,gainesville-va,big-red-apple-innovation-corridor
https://www.datacentermap.com/usa/virginia/charlottesville/brightspeed-charlottesville/,virginia,charlottesville,brightspeed-charlottesville
https://www.datacentermap.com/usa/virginia/roanoke/brush-mountain-data-center/,virginia,roanoke,brush-mountain-data-center
https://www.datacentermap.com/usa/virginia/richmond/cavalier/,virginia,richmond,cavalier
https://www.datacentermap.com/usa/virginia/chantilly/chantilly-premier/,virginia,chantilly,chantilly-premier
https://www.datacentermap.com/usa/virginia/vienna-virginia/cherryroad-dca2/,virginia,vienna-virginia,cherryroad-dca2
https://www.datacentermap.com/usa/virginia/richmond/chesterfield-technology-park/,virginia,richmond,chesterfield-technology-park
https://www.datacentermap.com/usa/virginia/richmond/chirisa-digital-drive-dc1/,virginia,richmond,chirisa-digital-drive-dc1
https://www.datacentermap.com/usa/virginia/richmond/chirisa-digital-drive-dc2/,virginia,richmond,chirisa-digital-drive-dc2
https://www.datacentermap.com/usa/virginia/richmond/chirisa-richmond-ctp-01/,virginia,richmond,chirisa-richmond-ctp-01
https://www.datacentermap.com/usa/virginia/richmond/chirisa-richmond-ctp-02/,virginia,richmond,chirisa-richmond-ctp-02
https://www.datacentermap.com/usa/virginia/richmond/chirisa-richmond-ctp-03/,virginia,richmond,chirisa-richmond-ctp-03
https://www.datacentermap.com/usa/virginia/richmond/chirisa-richmond-ctp-06/,virginia,richmond,chirisa-richmond-ctp-06
https://www.datacentermap.com/usa/virginia/richmond/chirisa-technology-park-richmond/,virginia,richmond,chirisa-technology-park-richmond
https://www.datacentermap.com/usa/virginia/fredericksburg/cleanarc-va1-1/,virginia,fredericksburg,cleanarc-va1-1
https://www.datacentermap.com/usa/virginia/fredericksburg/cleanarc-va1-2/,virginia,fredericksburg,cleanarc-va1-2
https://www.datacentermap.com/usa/virginia/fredericksburg/cleanarc-va1-3/,virginia,fredericksburg,cleanarc-va1-3
https://www.datacentermap.com/usa/virginia/fredericksburg/cleanarc-va1-campus/,virginia,fredericksburg,cleanarc-va1-campus
https://www.datacentermap.com/usa/virginia/culpeper/cloudhq-clp1/,virginia,culpeper,cloudhq-clp1
https://www.datacentermap.com/usa/virginia/culpeper/cloudhq-clp2/,virginia,culpeper,cloudhq-clp2
https://www.datacentermap.com/usa/virginia/culpeper/cloudhq-clp3/,virginia,culpeper,cloudhq-clp3
https://www.datacentermap.com/usa/virginia/culpeper/cloudhq-clp-campus/,virginia,culpeper,cloudhq-clp-campus
https://www.datacentermap.com/usa/virginia/ashburn/cloudhq-lc1/,virginia,ashburn,cloudhq-lc1
https://www.datacentermap.com/usa/virginia/ashburn/cloudhq-lc10/,virginia,ashburn,cloudhq-lc10
https://www.datacentermap.com/usa/virginia/ashburn/cloudhq-lc11/,virginia,ashburn,cloudhq-lc11
https://www.datacentermap.com/usa/virginia/ashburn/cloudhq-lc12/,virginia,ashburn,cloudhq-lc12
https://www.datacentermap.com/usa/virginia/ashburn/cloudhq-lc13/,virginia,ashburn,cloudhq-lc13
https://www.datacentermap.com/usa/virginia/ashburn/cloudhq-lc14/,virginia,ashburn,cloudhq-lc14
https://www.datacentermap.com/usa/virginia/ashburn/cloudhq-lc2/,virginia,ashburn,cloudhq-lc2
https://www.datacentermap.com/usa/virginia/ashburn/cloudhq-lc3/,virginia,ashburn,cloudhq-lc3
https://www.datacentermap.com/usa/virginia/ashburn/cloudhq-lc4/,virginia,ashburn,cloudhq-lc4
https://www.datacentermap.com/usa/virginia/ashburn/cloudhq-lc5/,virginia,ashburn,cloudhq-lc5
https://www.datacentermap.com/usa/virginia/ashburn/cloudhq-lc8/,virginia,ashburn,cloudhq-lc8
https://www.datacentermap.com/usa/virginia/ashburn/cloudhq-lc9/,virginia,ashburn,cloudhq-lc9
https://www.datacentermap.com/usa/virginia/ashburn/cloudhq-lc-campus/,virginia,ashburn,cloudhq-lc-campus
https://www.datacentermap.com/usa/virginia/manassas/cloudhq-mcc2/,virginia,manassas,cloudhq-mcc2
https://www.datacentermap.com/usa/virginia/manassas/cloudhq-mcc3/,virginia,manassas,cloudhq-mcc3
https://www.datacentermap.com/usa/virginia/manassas/cloudhq-mcc4/,virginia,manassas,cloudhq-mcc4
https://www.datacentermap.com/usa/virginia/manassas/cloudhq-mcc5/,virginia,manassas,cloudhq-mcc5
https://www.datacentermap.com/usa/virginia/manassas/cloudhq-mcc6/,virginia,manassas,cloudhq-mcc6
https://www.datacentermap.com/usa/virginia/manassas/cloudhq-mcc6z/,virginia,manassas,cloudhq-mcc6z
https://www.datacentermap.com/usa/virginia/manassas/cloudhq-mcc7/,virginia,manassas,cloudhq-mcc7
https://www.datacentermap.com/usa/virginia/manassas/cloudhq-mcc-campus/,virginia,manassas,cloudhq-mcc-campus
https://www.datacentermap.com/usa/virginia/manassas/cloudhq-mdc1/,virginia,manassas,cloudhq-mdc1
https://www.datacentermap.com/usa/virginia/manassas/cloudhq-mdc2/,virginia,manassas,cloudhq-mdc2
https://www.datacentermap.com/usa/virginia/manassas/cloudhq-mdc3/,virginia,manassas,cloudhq-mdc3
https://www.datacentermap.com/usa/virginia/manassas/cloudhq-mdc-campus/,virginia,manassas,cloudhq-mdc-campus
https://www.datacentermap.com/usa/virginia/richmond/cogent-data-center-richmond/,virginia,richmond,cogent-data-center-richmond
https://www.datacentermap.com/usa/virginia/herndon/cogent-herndon/,virginia,herndon,cogent-herndon
https://www.datacentermap.com/usa/virginia/vienna-virginia/cogent-vienna/,virginia,vienna-virginia,cogent-vienna
https://www.datacentermap.com/usa/virginia/ashburn/cologix-ash1-s/,virginia,ashburn,cologix-ash1-s
https://www.datacentermap.com/usa/virginia/ashburn/compass-loudoun-county-i/,virginia,ashburn,compass-loudoun-county-i
https://www.datacentermap.com/usa/virginia/ashburn/compass-loudoun-county-i-a/,virginia,ashburn,compass-loudoun-county-i-a
https://www.datacentermap.com/usa/virginia/ashburn/compass-loudoun-county-i-b/,virginia,ashburn,compass-loudoun-county-i-b
https://www.datacentermap.com/usa/virginia/ashburn/compass-loudoun-county-i-c/,virginia,ashburn,compass-loudoun-county-i-c
https://www.datacentermap.com/usa/virginia/ashburn/compass-loudoun-county-i-d/,virginia,ashburn,compass-loudoun-county-i-d
https://www.datacentermap.com/usa/virginia/ashburn/compass-loudoun-county-i-e/,virginia,ashburn,compass-loudoun-county-i-e
https://www.datacentermap.com/usa/virginia/manassas/copt-dc-19/,virginia,manassas,copt-dc-19
https://www.datacentermap.com/usa/virginia/sterling/copt-mp-1/,virginia,sterling,copt-mp-1
https://www.datacentermap.com/usa/virginia/sterling/copt-mp-2/,virginia,sterling,copt-mp-2
https://www.datacentermap.com/usa/virginia/sterling/copt-mp-3/,virginia,sterling,copt-mp-3
https://www.datacentermap.com/usa/virginia/reston/coresite-reston-campus/,virginia,reston,coresite-reston-campus
https://www.datacentermap.com/usa/virginia/reston/coresite-va1/,virginia,reston,coresite-va1
https://www.datacentermap.com/usa/virginia/reston/coresite-va3/,virginia,reston,coresite-va3
https://www.datacentermap.com/usa/virginia/gainesville-va/corscale-gainesville-bldg-1/,virginia,gainesville-va,corscale-gainesville-bldg-1
https://www.datacentermap.com/usa/virginia/gainesville-va/corscale-gainesville-bldg-2/,virginia,gainesville-va,corscale-gainesville-bldg-2
https://www.datacentermap.com/usa/virginia/gainesville-va/corscale-gainesville-bldg-3/,virginia,gainesville-va,corscale-gainesville-bldg-3
https://www.datacentermap.com/usa/virginia/gainesville-va/corscale-gainesville-bldg-4/,virginia,gainesville-va,corscale-gainesville-bldg-4
https://www.datacentermap.com/usa/virginia/gainesville-va/corscale-gainesville-bldg-5/,virginia,gainesville-va,corscale-gainesville-bldg-5
https://www.datacentermap.com/usa/virginia/gainesville-va/corscale-gainesville-crossing/,virginia,gainesville-va,corscale-gainesville-crossing
https://www.datacentermap.com/usa/virginia/sterling/corscale-kincora/,virginia,sterling,corscale-kincora
https://www.datacentermap.com/usa/virginia/ashburn/cross-mill-center/,virginia,ashburn,cross-mill-center
https://www.datacentermap.com/usa/virginia/richmond/ctsi/,virginia,richmond,ctsi
https://www.datacentermap.com/usa/virginia/culpeper/culpeper-campus/,virginia,culpeper,culpeper-campus
https://www.datacentermap.com/usa/virginia/ashburn/cyrusone-broadlands-building-1/,virginia,ashburn,cyrusone-broadlands-building-1
https://www.datacentermap.com/usa/virginia/ashburn/cyrusone-broadlands-building-2/,virginia,ashburn,cyrusone-broadlands-building-2
https://www.datacentermap.com/usa/virginia/ashburn/cyrusone-broadlands-building-3/,virginia,ashburn,cyrusone-broadlands-building-3
https://www.datacentermap.com/usa/virginia/ashburn/cyrusone-broadlands-building-4/,virginia,ashburn,cyrusone-broadlands-building-4
https://www.datacentermap.com/usa/virginia/ashburn/cyrusone-broadlands-campus/,virginia,ashburn,cyrusone-broadlands-campus
https://www.datacentermap.com/usa/virginia/sterling/cyrusone-nva1-3-campus/,virginia,sterling,cyrusone-nva1-3-campus
https://www.datacentermap.com/usa/virginia/sterling/cyrusone-nva2/,virginia,sterling,cyrusone-nva2
https://www.datacentermap.com/usa/virginia/sterling/cyrusone-nva3/,virginia,sterling,cyrusone-nva3
https://www.datacentermap.com/usa/virginia/sterling/cyrusone-nva4/,virginia,sterling,cyrusone-nva4
https://www.datacentermap.com/usa/virginia/sterling/cyrusone-nva5/,virginia,sterling,cyrusone-nva5
https://www.datacentermap.com/usa/virginia/sterling/cyrusone-nva7/,virginia,sterling,cyrusone-nva7
https://www.datacentermap.com/usa/virginia/sterling/cyrusone-nva8/,virginia,sterling,cyrusone-nva8
https://www.datacentermap.com/usa/virginia/sterling/cyrusone-nva9/,virginia,sterling,cyrusone-nva9
https://www.datacentermap.com/usa/virginia/sterling/cyrusone-sterling/,virginia,sterling,cyrusone-sterling
https://www.datacentermap.com/usa/virginia/sterling/cyxtera-iad1a/,virginia,sterling,cyxtera-iad1a
https://www.datacentermap.com/usa/virginia/sterling/cyxtera-iad1b/,virginia,sterling,cyxtera-iad1b
https://www.datacentermap.com/usa/virginia/sterling/cyxtera-iad1c/,virginia,sterling,cyxtera-iad1c
https://www.datacentermap.com/usa/virginia/sterling/cyxtera-iad2a/,virginia,sterling,cyxtera-iad2a
https://www.datacentermap.com/usa/virginia/sterling/cyxtera-iad2b/,virginia,sterling,cyxtera-iad2b
https://www.datacentermap.com/usa/virginia/sterling/cyxtera-iad3a/,virginia,sterling,cyxtera-iad3a
https://www.datacentermap.com/usa/virginia/fredericksburg/dahlgren-west-campus/,virginia,fredericksburg,dahlgren-west-campus
https://www.datacentermap.com/usa/virginia/vienna-virginia/databank-iad2/,virginia,vienna-virginia,databank-iad2
https://www.datacentermap.com/usa/virginia/ashburn/databank-iad3/,virginia,ashburn,databank-iad3
https://www.datacentermap.com/usa/virginia/ashburn/databank-iad4-ashburn/,virginia,ashburn,databank-iad4-ashburn
https://www.datacentermap.com/usa/virginia/culpeper/databank-iad5-culpeper/,virginia,culpeper,databank-iad5-culpeper
https://www.datacentermap.com/usa/virginia/culpeper/databank-iad6-culpeper/,virginia,culpeper,databank-iad6-culpeper
https://www.datacentermap.com/usa/virginia/harrisonburg/dbt-data-cyber-integration-center/,virginia,harrisonburg,dbt-data-cyber-integration-center
https://www.datacentermap.com/usa/virginia/reston/dc1-evocative-data-center/,virginia,reston,dc1-evocative-data-center
https://www.datacentermap.com/usa/virginia/vienna-virginia/dca2-mclean/,virginia,vienna-virginia,dca2-mclean
https://www.datacentermap.com/usa/virginia/richmond/dc-blox-richmond/,virginia,richmond,dc-blox-richmond
https://www.datacentermap.com/usa/virginia/ashburn/deft-iad1-ashburn/,virginia,ashburn,deft-iad1-ashburn
https://www.datacentermap.com/usa/virginia/richmond/digital-drive/,virginia,richmond,digital-drive
https://www.datacentermap.com/usa/virginia/dulles/digital-dulles-campus/,virginia,dulles,digital-dulles-campus
https://www.datacentermap.com/usa/virginia/manassas/digital-realty-9905-godwin-drive/,virginia,manassas,digital-realty-9905-godwin-drive
https://www.datacentermap.com/usa/virginia/sterling/digital-realty-sterling/,virginia,sterling,digital-realty-sterling
https://www.datacentermap.com/usa/virginia/bristow/digital-realty-va4/,virginia,bristow,digital-realty-va4
https://www.datacentermap.com/usa/virginia/ashburn/dulles-28-technology-park/,virginia,ashburn,dulles-28-technology-park
https://www.datacentermap.com/usa/virginia/herndon/dulles-exchange/,virginia,herndon,dulles-exchange
https://www.datacentermap.com/usa/virginia/norfolk/edcnor01/,virginia,norfolk,edcnor01
https://www.datacentermap.com/usa/virginia/richmond/edgeconnex-edcric01/,virginia,richmond,edgeconnex-edcric01
https://www.datacentermap.com/usa/virginia/ashburn/edgecore-ashburn-as01/,virginia,ashburn,edgecore-ashburn-as01
https://www.datacentermap.com/usa/virginia/sterling/edgecore-ashburn-as02/,virginia,sterling,edgecore-ashburn-as02
https://www.datacentermap.com/usa/virginia/culpeper/edgecore-culpeper-campus/,virginia,culpeper,edgecore-culpeper-campus
https://www.datacentermap.com/usa/virginia/culpeper/edgecore-culpeper-cp01/,virginia,culpeper,edgecore-culpeper-cp01
https://www.datacentermap.com/usa/virginia/culpeper/edgecore-culpeper-cp011/,virginia,culpeper,edgecore-culpeper-cp011
https://www.datacentermap.com/usa/virginia/culpeper/edgecore-culpeper-cp02/,virginia,culpeper,edgecore-culpeper-cp02
https://www.datacentermap.com/usa/virginia/culpeper/edgecore-culpeper-cp03/,virginia,culpeper,edgecore-culpeper-cp03
https://www.datacentermap.com/usa/virginia/richmond/edgecore-louisa-county/,virginia,richmond,edgecore-louisa-county
https://www.datacentermap.com/usa/virginia/ashburn/element-critical-va1/,virginia,ashburn,element-critical-va1
https://www.datacentermap.com/usa/virginia/ashburn/equinix-ashburn1/,virginia,ashburn,equinix-ashburn1
https://www.datacentermap.com/usa/virginia/ashburn/equinix-ashburn2/,virginia,ashburn,equinix-ashburn2
https://www.datacentermap.com/usa/virginia/ashburn/equinix-ashburn3/,virginia,ashburn,equinix-ashburn3
https://www.datacentermap.com/usa/virginia/ashburn/equinix-ashburn4/,virginia,ashburn,equinix-ashburn4
https://www.datacentermap.com/usa/virginia/culpeper/equinix-cu1/,virginia,culpeper,equinix-cu1
https://www.datacentermap.com/usa/virginia/culpeper/equinix-cu2/,virginia,culpeper,equinix-cu2
https://www.datacentermap.com/usa/virginia/culpeper/equinix-cu3/,virginia,culpeper,equinix-cu3
https://www.datacentermap.com/usa/virginia/culpeper/equinix-cu4/,virginia,culpeper,equinix-cu4
https://www.datacentermap.com/usa/virginia/ashburn/equinix-dc10/,virginia,ashburn,equinix-dc10
https://www.datacentermap.com/usa/virginia/ashburn/equinix-dc11/,virginia,ashburn,equinix-dc11
https://www.datacentermap.com/usa/virginia/ashburn/equinix-dc12/,virginia,ashburn,equinix-dc12
https://www.datacentermap.com/usa/virginia/ashburn/equinix-dc13/,virginia,ashburn,equinix-dc13
https://www.datacentermap.com/usa/virginia/manassas/equinix-dc14/,virginia,manassas,equinix-dc14
https://www.datacentermap.com/usa/virginia/ashburn/equinix-dc15/,virginia,ashburn,equinix-dc15
https://www.datacentermap.com/usa/virginia/ashburn/equinix-dc16/,virginia,ashburn,equinix-dc16
https://www.datacentermap.com/usa/virginia/ashburn/equinix-dc17/,virginia,ashburn,equinix-dc17
https://www.datacentermap.com/usa/virginia/ashburn/equinix-dc21/,virginia,ashburn,equinix-dc21
https://www.datacentermap.com/usa/virginia/ashburn/equinix-dc22/,virginia,ashburn,equinix-dc22
https://www.datacentermap.com/usa/virginia/ashburn/equinix-dc5/,virginia,ashburn,equinix-dc5
https://www.datacentermap.com/usa/virginia/ashburn/equinix-dc6/,virginia,ashburn,equinix-dc6
https://www.datacentermap.com/usa/virginia/herndon/equinix-dc97/,virginia,herndon,equinix-dc97
https://www.datacentermap.com/usa/virginia/manassas/evoswitch-wdc-1/,virginia,manassas,evoswitch-wdc-1
https://www.datacentermap.com/usa/virginia/middletown/experisdc/,virginia,middletown,experisdc
https://www.datacentermap.com/usa/virginia/richmond/farmville-data-hub/,virginia,richmond,farmville-data-hub
https://www.datacentermap.com/usa/virginia/reston/flex-dc-reston/,virginia,reston,flex-dc-reston
https://www.datacentermap.com/usa/virginia/richmond/flexential-richmond/,virginia,richmond,flexential-richmond
https://www.datacentermap.com/usa/virginia/fredericksburg/forest-lane-data-center/,virginia,fredericksburg,forest-lane-data-center
https://www.datacentermap.com/usa/virginia/norfolk/globalinx-portsmouth/,virginia,norfolk,globalinx-portsmouth
https://www.datacentermap.com/usa/virginia/norfolk/globalinx-virginia-beach/,virginia,norfolk,globalinx-virginia-beach
https://www.datacentermap.com/usa/virginia/sterling/google-arcola-campus/,virginia,sterling,google-arcola-campus
https://www.datacentermap.com/usa/virginia/sterling/google-arcola-data-center-1/,virginia,sterling,google-arcola-data-center-1
https://www.datacentermap.com/usa/virginia/sterling/google-arcola-data-center-2/,virginia,sterling,google-arcola-data-center-2
https://www.datacentermap.com/usa/virginia/sterling/google-arcola-data-center-3/,virginia,sterling,google-arcola-data-center-3
https://www.datacentermap.com/usa/virginia/roanoke/google-botetourt-center-industrial-park/,virginia,roanoke,google-botetourt-center-industrial-park
https://www.datacentermap.com/usa/virginia/roanoke/google-botetourt-dc1/,virginia,roanoke,google-botetourt-dc1
https://www.datacentermap.com/usa/virginia/roanoke/google-botetourt-dc2/,virginia,roanoke,google-botetourt-dc2
https://www.datacentermap.com/usa/virginia/roanoke/google-botetourt-dc3/,virginia,roanoke,google-botetourt-dc3
https://www.datacentermap.com/usa/virginia/ashburn/google-loudoun-county/,virginia,ashburn,google-loudoun-county
https://www.datacentermap.com/usa/virginia/ashburn/google-loudoun-county2/,virginia,ashburn,google-loudoun-county2
https://www.datacentermap.com/usa/virginia/ashburn/google-loudoun-county-campus/,virginia,ashburn,google-loudoun-county-campus
https://www.datacentermap.com/usa/virginia/bristow/google-prince-william-county-campus/,virginia,bristow,google-prince-william-county-campus
https://www.datacentermap.com/usa/virginia/bristow/google-prince-william-cty-bldg-1/,virginia,bristow,google-prince-william-cty-bldg-1
https://www.datacentermap.com/usa/virginia/bristow/google-prince-william-cty-bldg-2/,virginia,bristow,google-prince-william-cty-bldg-2
https://www.datacentermap.com/usa/virginia/bristow/google-prince-william-cty-bldg-3/,virginia,bristow,google-prince-william-cty-bldg-3
https://www.datacentermap.com/usa/virginia/bristow/google-prince-william-cty-bldg-4/,virginia,bristow,google-prince-william-cty-bldg-4
https://www.datacentermap.com/usa/virginia/richmond/google-project-loch/,virginia,richmond,google-project-loch
https://www.datacentermap.com/usa/virginia/richmond/google-project-peanut/,virginia,richmond,google-project-peanut
https://www.datacentermap.com/usa/virginia/richmond/google-project-skye/,virginia,richmond,google-project-skye
https://www.datacentermap.com/usa/virginia/ashburn/greenlin-park/,virginia,ashburn,greenlin-park
https://www.datacentermap.com/usa/virginia/richmond/gweb-data-center/,virginia,richmond,gweb-data-center
https://www.datacentermap.com/usa/virginia/herndon/h5-data-centers-herndon/,virginia,herndon,h5-data-centers-herndon
https://www.datacentermap.com/usa/virginia/chantilly/h5-data-centers-virginia/,virginia,chantilly,h5-data-centers-virginia
https://www.datacentermap.com/usa/virginia/ashburn/h5dc-ashburn/,virginia,ashburn,h5dc-ashburn
https://www.datacentermap.com/usa/virginia/richmond/hanover-technology-park/,virginia,richmond,hanover-technology-park
https://www.datacentermap.com/usa/virginia/bristow/hunter-trust/,virginia,bristow,hunter-trust
https://www.datacentermap.com/usa/virginia/richmond/hunting-hawk-technology-park/,virginia,richmond,hunting-hawk-technology-park
https://www.datacentermap.com/usa/virginia/richmond/infotel-systems-data-center/,virginia,richmond,infotel-systems-data-center
https://www.datacentermap.com/usa/virginia/ashburn/intergate-ashburn/,virginia,ashburn,intergate-ashburn
https://www.datacentermap.com/usa/virginia/ashburn/intergateashburn/,virginia,ashburn,intergateashburn
https://www.datacentermap.com/usa/virginia/manassas/iron-mountain-data-centers-manassas/,virginia,manassas,iron-mountain-data-centers-manassas
https://www.datacentermap.com/usa/virginia/richmond/iron-mountain-data-centers-rch-2/,virginia,richmond,iron-mountain-data-centers-rch-2
https://www.datacentermap.com/usa/virginia/richmond/iron-mountain-data-centers-rch-3/,virginia,richmond,iron-mountain-data-centers-rch-3
https://www.datacentermap.com/usa/virginia/richmond/iron-mountain-data-centers-rch-4/,virginia,richmond,iron-mountain-data-centers-rch-4
https://www.datacentermap.com/usa/virginia/manassas/iron-mountain-data-centers-va-8/,virginia,manassas,iron-mountain-data-centers-va-8
https://www.datacentermap.com/usa/virginia/manassas/iron-mountain-data-centers-va-9/,virginia,manassas,iron-mountain-data-centers-va-9
https://www.datacentermap.com/usa/virginia/richmond/iron-mountain-rch-1/,virginia,richmond,iron-mountain-rch-1
https://www.datacentermap.com/usa/virginia/manassas/iron-mountain-va-1/,virginia,manassas,iron-mountain-va-1
https://www.datacentermap.com/usa/virginia/manassas/iron-mountain-va-2/,virginia,manassas,iron-mountain-va-2
https://www.datacentermap.com/usa/virginia/manassas/iron-mountain-va-3/,virginia,manassas,iron-mountain-va-3
https://www.datacentermap.com/usa/virginia/manassas/iron-mountain-va-4/,virginia,manassas,iron-mountain-va-4
https://www.datacentermap.com/usa/virginia/manassas/iron-mountain-va-5/,virginia,manassas,iron-mountain-va-5
https://www.datacentermap.com/usa/virginia/manassas/iron-mountain-va-6/,virginia,manassas,iron-mountain-va-6
https://www.datacentermap.com/usa/virginia/manassas/iron-mountain-va-7/,virginia,manassas,iron-mountain-va-7
https://www.datacentermap.com/usa/virginia/manassas/iron-mountain-virginia-campus/,virginia,manassas,iron-mountain-virginia-campus
https://www.datacentermap.com/usa/virginia/gainesville-va/john-marshall-commons-tech-park/,virginia,gainesville-va,john-marshall-commons-tech-park
https://www.datacentermap.com/usa/virginia/ashburn/latisys-ashburn/,virginia,ashburn,latisys-ashburn
https://www.datacentermap.com/usa/virginia/manassas/leaseweb/,virginia,manassas,leaseweb
https://www.datacentermap.com/usa/virginia/herndon/level3-herdon1/,virginia,herndon,level3-herdon1
https://www.datacentermap.com/usa/virginia/herndon/level3-herdon2/,virginia,herndon,level3-herdon2
https://www.datacentermap.com/usa/virginia/herndon/level3-herndon3/,virginia,herndon,level3-herndon3
https://www.datacentermap.com/usa/virginia/vienna-virginia/level3-mclean1/,virginia,vienna-virginia,level3-mclean1
https://www.datacentermap.com/usa/virginia/richmond/level3-richmond1/,virginia,richmond,level3-richmond1
https://www.datacentermap.com/usa/virginia/richmond/level3-richmond2/,virginia,richmond,level3-richmond2
https://www.datacentermap.com/usa/virginia/ashburn/lightedge-ashburn/,virginia,ashburn,lightedge-ashburn
https://www.datacentermap.com/usa/virginia/richmond/ls-power-ashland/,virginia,richmond,ls-power-ashland
https://www.datacentermap.com/usa/virginia/richmond/ls-power-ashland-building-1/,virginia,richmond,ls-power-ashland-building-1
https://www.datacentermap.com/usa/virginia/richmond/ls-power-ashland-building-2/,virginia,richmond,ls-power-ashland-building-2
https://www.datacentermap.com/usa/virginia/richmond/ls-power-ashland-building-3/,virginia,richmond,ls-power-ashland-building-3
https://www.datacentermap.com/usa/virginia/richmond/ls-power-ashland-building-4/,virginia,richmond,ls-power-ashland-building-4
https://www.datacentermap.com/usa/virginia/ashburn/lumen-ashburn/,virginia,ashburn,lumen-ashburn
https://www.datacentermap.com/usa/virginia/sterling/maries-tech-park/,virginia,sterling,maries-tech-park
https://www.datacentermap.com/usa/virginia/ashburn/mcc1/,virginia,ashburn,mcc1
https://www.datacentermap.com/usa/virginia/herndon/menlo-digital-md-dc1-herndon/,virginia,herndon,menlo-digital-md-dc1-herndon
https://www.datacentermap.com/usa/virginia/sterling/menlo-digital-md-dc2-sterling/,virginia,sterling,menlo-digital-md-dc2-sterling
https://www.datacentermap.com/usa/virginia/richmond/menlo-digital-md-dc3-b1/,virginia,richmond,menlo-digital-md-dc3-b1
https://www.datacentermap.com/usa/virginia/richmond/menlo-digital-md-dc3-b2/,virginia,richmond,menlo-digital-md-dc3-b2
https://www.datacentermap.com/usa/virginia/richmond/menlo-digital-md-dc3-b3/,virginia,richmond,menlo-digital-md-dc3-b3
https://www.datacentermap.com/usa/virginia/richmond/menlo-digital-md-dc3-b4/,virginia,richmond,menlo-digital-md-dc3-b4
https://www.datacentermap.com/usa/virginia/richmond/menlo-digital-md-dc3-richmond/,virginia,richmond,menlo-digital-md-dc3-richmond
https://www.datacentermap.com/usa/virginia/richmond/meta-henrico-data-center/,virginia,richmond,meta-henrico-data-center
https://www.datacentermap.com/usa/virginia/richmond/meta-sandston/,virginia,richmond,meta-sandston
https://www.datacentermap.com/usa/virginia/gainesville-va/microsoft-13490-university-blvd/,virginia,gainesville-va,microsoft-13490-university-blvd
https://www.datacentermap.com/usa/virginia/gainesville-va/microsoft-13490-university-blvd1/,virginia,gainesville-va,microsoft-13490-university-blvd1
https://www.datacentermap.com/usa/virginia/ashburn/microsoft-19515-compass-creek/,virginia,ashburn,microsoft-19515-compass-creek
https://www.datacentermap.com/usa/virginia/ashburn/microsoft-19525-compass-creek/,virginia,ashburn,microsoft-19525-compass-creek
https://www.datacentermap.com/usa/virginia/ashburn/microsoft-41700-inclusion-ln/,virginia,ashburn,microsoft-41700-inclusion-ln
https://www.datacentermap.com/usa/virginia/ashburn/microsoft-41700-inclusion-ln-bldg-2/,virginia,ashburn,microsoft-41700-inclusion-ln-bldg-2
https://www.datacentermap.com/usa/virginia/ashburn/microsoft-41720-inclusion-ln/,virginia,ashburn,microsoft-41720-inclusion-ln
https://www.datacentermap.com/usa/virginia/ashburn/microsoft-41730-inclusion-ln/,virginia,ashburn,microsoft-41730-inclusion-ln
https://www.datacentermap.com/usa/virginia/sterling/microsoft-41840-growth-mindset-ln/,virginia,sterling,microsoft-41840-growth-mindset-ln
https://www.datacentermap.com/usa/virginia/sterling/microsoft-42010-growth-mindset-ln/,virginia,sterling,microsoft-42010-growth-mindset-ln
https://www.datacentermap.com/usa/virginia/sterling/microsoft-42031-growth-mindset-ln/,virginia,sterling,microsoft-42031-growth-mindset-ln
https://www.datacentermap.com/usa/virginia/bristow/microsoft-8008-devlin-rd/,virginia,bristow,microsoft-8008-devlin-rd
https://www.datacentermap.com/usa/virginia/richmond/microsoft-boydton/,virginia,richmond,microsoft-boydton
https://www.datacentermap.com/usa/virginia/richmond/microsoft-boydton-building-1/,virginia,richmond,microsoft-boydton-building-1
https://www.datacentermap.com/usa/virginia/richmond/microsoft-boydton-building-10/,virginia,richmond,microsoft-boydton-building-10
https://www.datacentermap.com/usa/virginia/richmond/microsoft-boydton-building-11/,virginia,richmond,microsoft-boydton-building-11
https://www.datacentermap.com/usa/virginia/richmond/microsoft-boydton-building-2/,virginia,richmond,microsoft-boydton-building-2
https://www.datacentermap.com/usa/virginia/richmond/microsoft-boydton-building-3/,virginia,richmond,microsoft-boydton-building-3
https://www.datacentermap.com/usa/virginia/richmond/microsoft-boydton-building-4/,virginia,richmond,microsoft-boydton-building-4
https://www.datacentermap.com/usa/virginia/richmond/microsoft-boydton-building-5/,virginia,richmond,microsoft-boydton-building-5
https://www.datacentermap.com/usa/virginia/richmond/microsoft-boydton-building-6/,virginia,richmond,microsoft-boydton-building-6
https://www.datacentermap.com/usa/virginia/richmond/microsoft-boydton-building-7/,virginia,richmond,microsoft-boydton-building-7
https://www.datacentermap.com/usa/virginia/richmond/microsoft-boydton-building-8/,virginia,richmond,microsoft-boydton-building-8
https://www.datacentermap.com/usa/virginia/richmond/microsoft-boydton-building-9/,virginia,richmond,microsoft-boydton-building-9
https://www.datacentermap.com/usa/virginia/ashburn/microsoft-compass-creek-campus/,virginia,ashburn,microsoft-compass-creek-campus
https://www.datacentermap.com/usa/virginia/sterling/microsoft-growth-mindset-campus/,virginia,sterling,microsoft-growth-mindset-campus
https://www.datacentermap.com/usa/virginia/manassas/microsoft-hansen-farm/,virginia,manassas,microsoft-hansen-farm
https://www.datacentermap.com/usa/virginia/richmond/microsoft-hillcrest/,virginia,richmond,microsoft-hillcrest
https://www.datacentermap.com/usa/virginia/richmond/microsoft-hillcrest-avc01/,virginia,richmond,microsoft-hillcrest-avc01
https://www.datacentermap.com/usa/virginia/richmond/microsoft-hillcrest-avc02/,virginia,richmond,microsoft-hillcrest-avc02
https://www.datacentermap.com/usa/virginia/richmond/microsoft-hillcrest-avc03/,virginia,richmond,microsoft-hillcrest-avc03
https://www.datacentermap.com/usa/virginia/manassas/microsoft-jacksonville-road-campus/,virginia,manassas,microsoft-jacksonville-road-campus
https://www.datacentermap.com/usa/virginia/manassas/microsoft-mnz01/,virginia,manassas,microsoft-mnz01
https://www.datacentermap.com/usa/virginia/manassas/microsoft-mnz02/,virginia,manassas,microsoft-mnz02
https://www.datacentermap.com/usa/virginia/richmond/microsoft-prison-road-building-1/,virginia,richmond,microsoft-prison-road-building-1
https://www.datacentermap.com/usa/virginia/richmond/microsoft-prison-road-building-2/,virginia,richmond,microsoft-prison-road-building-2
https://www.datacentermap.com/usa/virginia/richmond/microsoft-prison-road-building-3/,virginia,richmond,microsoft-prison-road-building-3
https://www.datacentermap.com/usa/virginia/richmond/microsoft-prison-road-building-4/,virginia,richmond,microsoft-prison-road-building-4
https://www.datacentermap.com/usa/virginia/richmond/microsoft-prison-road-building-5/,virginia,richmond,microsoft-prison-road-building-5
https://www.datacentermap.com/usa/virginia/richmond/microsoft-prison-road-campus/,virginia,richmond,microsoft-prison-road-campus
https://www.datacentermap.com/usa/virginia/richmond/microsoft-ridge-road-building-1/,virginia,richmond,microsoft-ridge-road-building-1
https://www.datacentermap.com/usa/virginia/richmond/microsoft-ridge-road-building-2/,virginia,richmond,microsoft-ridge-road-building-2
https://www.datacentermap.com/usa/virginia/richmond/microsoft-ridge-road-building-3/,virginia,richmond,microsoft-ridge-road-building-3
https://www.datacentermap.com/usa/virginia/richmond/microsoft-ridge-road-building-4/,virginia,richmond,microsoft-ridge-road-building-4
https://www.datacentermap.com/usa/virginia/richmond/microsoft-ridge-road-campus/,virginia,richmond,microsoft-ridge-road-campus
https://www.datacentermap.com/usa/virginia/wise/mineral-gap-data-center/,virginia,wise,mineral-gap-data-center
https://www.datacentermap.com/usa/virginia/norfolk/nap-of-virginia-beach/,virginia,norfolk,nap-of-virginia-beach
https://www.datacentermap.com/usa/virginia/vienna-virginia/ndc01/,virginia,vienna-virginia,ndc01
https://www.datacentermap.com/usa/virginia/ashburn/net2ez-iad1/,virginia,ashburn,net2ez-iad1
https://www.datacentermap.com/usa/virginia/reston/net2ez-iad3/,virginia,reston,net2ez-iad3
https://www.datacentermap.com/usa/virginia/ashburn/net2ez-iad4/,virginia,ashburn,net2ez-iad4
https://www.datacentermap.com/usa/virginia/ashburn/ntt-ashburn-campus/,virginia,ashburn,ntt-ashburn-campus
https://www.datacentermap.com/usa/virginia/ashburn/ntt-ashburn-va2/,virginia,ashburn,ntt-ashburn-va2
https://www.datacentermap.com/usa/virginia/ashburn/ntt-ashburn-va3/,virginia,ashburn,ntt-ashburn-va3
https://www.datacentermap.com/usa/virginia/ashburn/ntt-ashburn-va4/,virginia,ashburn,ntt-ashburn-va4
https://www.datacentermap.com/usa/virginia/ashburn/ntt-ashburn-va5/,virginia,ashburn,ntt-ashburn-va5
https://www.datacentermap.com/usa/virginia/ashburn/ntt-ashburn-va6/,virginia,ashburn,ntt-ashburn-va6
https://www.datacentermap.com/usa/virginia/ashburn/ntt-ashburn-va7/,virginia,ashburn,ntt-ashburn-va7
https://www.datacentermap.com/usa/virginia/ashburn/ntt-ashburn-va8/,virginia,ashburn,ntt-ashburn-va8
https://www.datacentermap.com/usa/virginia/ashburn/ntt-ashburn-va9/,virginia,ashburn,ntt-ashburn-va9
https://www.datacentermap.com/usa/virginia/sterling/ntta-sterling/,virginia,sterling,ntta-sterling
