pnode_name,substation,latitude,longitude,county,zone,pnode_id
OAKWOOD,OAKWOOD,36.90978868,-76.237334501,NORFOLK,DOM,34885949
OAKWOOD,OAKWOOD,36.90978868,-76.237334501,NORFOLK,DOM,34885951
OAKWOOD,OAKWOOD,36.90978868,-76.237334501,NORFOLK,DOM,34885953
OAKWOOD,OAKWOOD,36.90978868,-76.237334501,NORFOLK,DOM,34885955
OAKWOOD,OAKWOOD,36.90978868,-76.237334501,NORFOLK,DOM,34885957
TOANO,TOANO,37.363241299,-76.804877491,JAMES CITY,DOM,34886055
TOANO,TOANO,37.363241299,-76.804877491,JAMES CITY,DOM,34886057
VERONA,VERONA,38.189896805,-78.985809182,AUGUSTA,DOM,34886895
VERONA,VERONA,38.189896805,-78.985809182,AUGUSTA,DOM,34886897
DOOMS,DOOMS,38.107034569,-78.849097178,AUGUSTA,DOM,35010379
HAYES,HAYES,37.279203133,-76.494808106,GLOUCESTER,DOM,34885405
HAYES,HAYES,37.279203133,-76.494808106,GLOUCESTER,DOM,34885407
CROZET,CROZET,38.084710389,-78.698540228,ALBEMARLE,DOM,34886713
CROZET,CROZET,38.084710389,-78.698540228,ALBEMARLE,DOM,45565889
MORRISVILLE,MORRISVILLE,38.501087918,-77.708788736,FAUQUIER,DOM,35010367
WELCO,WELCO,36.671965591,-78.920093351,HALIFAX,DOM,34885727
WELCO,WELCO,36.671965591,-78.920093351,HALIFAX,DOM,2156112849
WELCO,WELCO,36.671965591,-78.920093351,HALIFAX,DOM,2156114075
OX,OX,38.723786053,-77.288516761,FAIRFAX,DOM,35010369
POSSUM POINT,POSSUM POINT,38.537413602,-77.281179286,PRINCE WILLIAM,DOM,35010373
MIDLOTHIAN,MIDLOTHIAN,37.502583518,-77.704051734,CHESTERFIELD,DOM,35010347
SEPTA,SEPTA,37.014743969,-76.738663483,ISLE OF WIGHT,DOM,35010353
OCCOQUAN,OCCOQUAN,38.713156353,-77.269063766,FAIRFAX,DOM,34886337
OCCOQUAN,OCCOQUAN,38.713156353,-77.269063766,FAIRFAX,DOM,34886339
OCCOQUAN,OCCOQUAN,38.713156353,-77.269063766,FAIRFAX,DOM,119118225
OCCOQUAN,OCCOQUAN,38.713156353,-77.269063766,FAIRFAX,DOM,1097733899
MAGRUDER,MAGRUDER,37.057990657,-76.401079916,HAMPTON,DOM,34885921
MAGRUDER,MAGRUDER,37.057990657,-76.401079916,HAMPTON,DOM,34885923
MAGRUDER,MAGRUDER,37.057990657,-76.401079916,HAMPTON,DOM,34885925
WARWICK,WARWICK,37.083435139,-76.460336978,NEWPORT NEWS,DOM,34886083
WARWICK,WARWICK,37.083435139,-76.460336978,NEWPORT NEWS,DOM,34886085
WARWICK,WARWICK,37.083435139,-76.460336978,NEWPORT NEWS,DOM,34886087
WARWICK,WARWICK,37.083435139,-76.460336978,NEWPORT NEWS,DOM,34886089
REYMET,REYMET,37.388965849,-77.407476157,CHESTERFIELD,DOM,34885625
SHERWOOD,SHERWOOD,38.021261642,-78.525988487,ALBEMARLE,DOM,34886867
SHERWOOD,SHERWOOD,38.021261642,-78.525988487,ALBEMARLE,DOM,34886869
CUNNINGHAM,CUNNINGHAM,37.868649657,-78.37414532,FLUVANNA,DOM,35010377
LANEXA,LANEXA,37.420166938,-76.91198959,NEW KENT,DOM,34885899
BOYKINS,BOYKINS,36.600446803,-77.193681556,SOUTHAMPTON,DOM,34885765
BURTON,BURTON,36.90759809,-76.172973051,VIRGINIA BEACH,DOM,34885767
BURTON,BURTON,36.90759809,-76.172973051,VIRGINIA BEACH,DOM,1218906760
TYSONS,TYSONS,38.932028209,-77.236891321,FAIRFAX,DOM,34886435
TYSONS,TYSONS,38.932028209,-77.236891321,FAIRFAX,DOM,34886437
TYSONS,TYSONS,38.932028209,-77.236891321,FAIRFAX,DOM,34886439
TYSONS,TYSONS,38.932028209,-77.236891321,FAIRFAX,DOM,34886441
TYSONS,TYSONS,38.932028209,-77.236891321,FAIRFAX,DOM,2156112264
KEVLAR,KEVLAR,37.450055055,-77.437489993,CHESTERFIELD,DOM,34885459
KEVLAR,KEVLAR,37.450055055,-77.437489993,CHESTERFIELD,DOM,34885461
GROTTOES,GROTTOES,38.266069084,-78.812819282,ROCKINGHAM,DOM,34886779
GROTTOES,GROTTOES,38.266069084,-78.812819282,ROCKINGHAM,DOM,2156113357
WALTHALL,WALTHALL,37.30339617,-77.399168633,CHESTERFIELD,DOM,34885709
WALTHALL,WALTHALL,37.30339617,-77.399168633,CHESTERFIELD,DOM,45565877
WALTHALL,WALTHALL,37.30339617,-77.399168633,CHESTERFIELD,DOM,1183224483
VALLEY,VALLEY,38.314341598,-78.970810618,AUGUSTA,DOM,35010387
BELVOIR,BELVOIR,38.741446067,-77.134470716,FAIRFAX,DOM,34886149
BELVOIR,BELVOIR,38.741446067,-77.134470716,FAIRFAX,DOM,34886151
RURITAN,RURITAN,36.81938786,-76.258256741,CHESAPEAKE,DOM,34885983
THALIA,THALIA,36.839510157,-76.134445386,VIRGINIA BEACH,DOM,34886037
THALIA,THALIA,36.839510157,-76.134445386,VIRGINIA BEACH,DOM,34886039
SIDEBURN,SIDEBURN,38.798230703,-77.296379194,FAIRFAX,DOM,34886405
SIDEBURN,SIDEBURN,38.798230703,-77.296379194,FAIRFAX,DOM,1097727061
BRADDOCK,BRADDOCK,38.821865297,-77.223561139,FAIRFAX,DOM,34886155
BRADDOCK,BRADDOCK,38.821865297,-77.223561139,FAIRFAX,DOM,34886157
BRADDOCK,BRADDOCK,38.821865297,-77.223561139,FAIRFAX,DOM,2156113762
PIPELINE,PIPELINE,37.521676307,-77.425952703,RICHMOND,DOM,34885597
POE,POE,37.199953711,-77.359091153,PETERSBURG,DOM,34885607
POE,POE,37.199953711,-77.359091153,PETERSBURG,DOM,34885609
MYRTLE,MYRTLE,36.771300213,-76.696651601,SUFFOLK,DOM,34885933
BELLWOOD,BELLWOOD,37.417377806,-77.432691735,CHESTERFIELD,DOM,34885223
BELLWOOD,BELLWOOD,37.417377806,-77.432691735,CHESTERFIELD,DOM,34885225
SUFFOLK,SUFFOLK,36.7103221,-76.580468869,SUFFOLK,DOM,38367911
SUFFOLK,SUFFOLK,36.7103221,-76.580468869,SUFFOLK,DOM,135389821
SUFFOLK,SUFFOLK,36.7103221,-76.580468869,SUFFOLK,DOM,1183224660
SUFFOLK,SUFFOLK,36.7103221,-76.580468869,SUFFOLK,DOM,1356178189
SUFFOLK,SUFFOLK,36.7103221,-76.580468869,SUFFOLK,DOM,2156112379
SUFFOLK,SUFFOLK,36.7103221,-76.580468869,SUFFOLK,DOM,2156112827
YADKIN,YADKIN,36.762979041,-76.354714758,CHESAPEAKE,DOM,35010357
GLEBE,GLEBE,38.841647684,-77.054615944,ARLINGTON,DOM,34886267
GLEBE,GLEBE,38.841647684,-77.054615944,ARLINGTON,DOM,34886269
THRASHER,THRASHER,36.759262396,-76.240168878,CHESAPEAKE,DOM,34886051
THRASHER,THRASHER,36.759262396,-76.240168878,CHESAPEAKE,DOM,34886053
THRASHER,THRASHER,36.759262396,-76.240168878,CHESAPEAKE,DOM,67719585
FENTRESS,FENTRESS,36.690454157,-76.190028667,CHESAPEAKE,DOM,35010351
HICKORY,HICKORY,36.643647923,-76.236917943,CHESAPEAKE,DOM,34885869
HICKORY,HICKORY,36.643647923,-76.236917943,CHESAPEAKE,DOM,1369002657
MARLBORO,MARLBORO,37.474006706,-77.434895242,RICHMOND,DOM,34885505
MARLBORO,MARLBORO,37.474006706,-77.434895242,RICHMOND,DOM,34885507
QUANTICO,QUANTICO,38.516354375,-77.303714616,PRINCE WILLIAM,DOM,34886377
QUANTICO,QUANTICO,38.516354375,-77.303714616,PRINCE WILLIAM,DOM,34886379
BASIN,BASIN,37.492097009,-77.430672086,RICHMOND,DOM,34885213
BASIN,BASIN,37.492097009,-77.430672086,RICHMOND,DOM,34885215
BASIN,BASIN,37.492097009,-77.430672086,RICHMOND,DOM,34885217
DAYTON,DAYTON,38.409840165,-78.928152147,ROCKINGHAM,DOM,34886725
DAYTON,DAYTON,38.409840165,-78.928152147,ROCKINGHAM,DOM,34886727
SHOCKOE,SHOCKOE,37.552801438,-77.427624359,RICHMOND,DOM,34885643
SHOCKOE,SHOCKOE,37.552801438,-77.427624359,RICHMOND,DOM,34885645
SHOCKOE,SHOCKOE,37.552801438,-77.427624359,RICHMOND,DOM,34885647
SHOCKOE,SHOCKOE,37.552801438,-77.427624359,RICHMOND,DOM,34885649
CARVER,CARVER,37.555732349,-77.448358854,RICHMOND,DOM,34885243
CARVER,CARVER,37.555732349,-77.448358854,RICHMOND,DOM,34885245
CARVER,CARVER,37.555732349,-77.448358854,RICHMOND,DOM,34885247
CARVER,CARVER,37.555732349,-77.448358854,RICHMOND,DOM,34885249
HUNTER,HUNTER,38.948119671,-77.328363929,FAIRFAX,DOM,34886287
HUNTER,HUNTER,38.948119671,-77.328363929,FAIRFAX,DOM,34886289
GOSPORT,GOSPORT,36.794827018,-76.312072379,CHESAPEAKE,DOM,34885845
GOSPORT,GOSPORT,36.794827018,-76.312072379,CHESAPEAKE,DOM,34885847
GOSPORT,GOSPORT,36.794827018,-76.312072379,CHESAPEAKE,DOM,45565917
LEXINGTON,LEXINGTON,37.867651029,-79.420419022,ROCKBRIDGE,DOM,35010383
LOCKS,LOCKS,37.221976994,-77.443564579,PETERSBURG,DOM,34885489
LOCKS,LOCKS,37.221976994,-77.443564579,PETERSBURG,DOM,34885491
LOCKS,LOCKS,37.221976994,-77.443564579,PETERSBURG,DOM,34885493
LOCKS,LOCKS,37.221976994,-77.443564579,PETERSBURG,DOM,1268563568
ARCOLA,ARCOLA,38.896654899,-77.5698336,LOUDOUN,DOM,1123172660
ARCOLA,ARCOLA,38.896654899,-77.5698336,LOUDOUN,DOM,1123172661
SAPONY,SAPONY,36.944781741,-77.47668023,SUSSEX,DOM,34885637
SAPONY,SAPONY,36.944781741,-77.47668023,SUSSEX,DOM,34885639
SAPONY,SAPONY,36.944781741,-77.47668023,SUSSEX,DOM,1388614366
CARSON,CARSON,37.085388246,-77.405875843,DINWIDDIE,DOM,35010339
GREENWAY,GREENWAY,39.004050421,-77.479597629,LOUDOUN,DOM,41935445
GREENWAY,GREENWAY,39.004050421,-77.479597629,LOUDOUN,DOM,57967577
GREENWAY,GREENWAY,39.004050421,-77.479597629,LOUDOUN,DOM,83734357
GREENWAY,GREENWAY,39.004050421,-77.479597629,LOUDOUN,DOM,1218907076
ASHBURN,ASHBURN,39.051392273,-77.498370493,LOUDOUN,DOM,34886139
ASHBURN,ASHBURN,39.051392273,-77.498370493,LOUDOUN,DOM,34886141
HCF,HCF,37.297866657,-77.272960798,HOPEWELL,DOM,76427811
HCF,HCF,37.297866657,-77.272960798,HOPEWELL,DOM,76427813
HCF,HCF,37.297866657,-77.272960798,HOPEWELL,DOM,76427815
HCF,HCF,37.297866657,-77.272960798,HOPEWELL,DOM,76427817
STAFFORD,STAFFORD,38.446101589,-77.389197602,STAFFORD,DOM,34886413
STAFFORD,STAFFORD,38.446101589,-77.389197602,STAFFORD,DOM,34886415
CHICKAHOMINY,CHICKAHOMINY,37.437376197,-77.158523288,CHARLES CITY,DOM,35010341
NIVO,NIVO,39.023406385,-77.460500492,LOUDOUN,DOM,93353461
NIVO,NIVO,39.023406385,-77.460500492,LOUDOUN,DOM,93353463
NIVO,NIVO,39.023406385,-77.460500492,LOUDOUN,DOM,1207066638
NIVO,NIVO,39.023406385,-77.460500492,LOUDOUN,DOM,2156113076
HARVELL,HARVELL,37.256496549,-77.372030883,PRINCE GEORGE,DOM,34885395
HARVELL,HARVELL,37.256496549,-77.372030883,PRINCE GEORGE,DOM,34885397
JARRATT,JARRATT,36.820273368,-77.483764922,GREENSVILLE,DOM,34885441
JARRATT,JARRATT,36.820273368,-77.483764922,GREENSVILLE,DOM,34885443
JARRATT,JARRATT,36.820273368,-77.483764922,GREENSVILLE,DOM,34885445
JARRATT,JARRATT,36.820273368,-77.483764922,GREENSVILLE,DOM,34885447
PERTH,PERTH,37.013663019,-79.004023621,HALIFAX,DOM,34885593
PERTH,PERTH,37.013663019,-79.004023621,HALIFAX,DOM,34885595
CLOVER,CLOVER,36.866211432,-78.70654368,HALIFAX,DOM,34885305
CLOVER,CLOVER,36.866211432,-78.70654368,HALIFAX,DOM,34885307
CLOVER,CLOVER,36.866211432,-78.70654368,HALIFAX,DOM,34885309
CLOVER,CLOVER,36.866211432,-78.70654368,HALIFAX,DOM,34885311
CLOVER,CLOVER,36.866211432,-78.70654368,HALIFAX,DOM,34887781
CLOVER,CLOVER,36.866211432,-78.70654368,HALIFAX,DOM,34887783
CLOVER,CLOVER,36.866211432,-78.70654368,HALIFAX,DOM,35010343
CLOVER,CLOVER,36.866211432,-78.70654368,HALIFAX,DOM,2156109765
CLOVER,CLOVER,36.866211432,-78.70654368,HALIFAX,DOM,2156111770
CLOVER,CLOVER,36.866211432,-78.70654368,HALIFAX,DOM,2156111847
DUMFRIES,DUMFRIES,38.587306183,-77.305935102,PRINCE WILLIAM,DOM,34886229
DUMFRIES,DUMFRIES,38.587306183,-77.305935102,PRINCE WILLIAM,DOM,34886231
DRYBURG,DRYBURG,36.820047042,-78.736009766,HALIFAX,DOM,34885325
DRYBURG,DRYBURG,36.820047042,-78.736009766,HALIFAX,DOM,34885327
BECO,BECO,39.024557667,-77.437132715,LOUDOUN,DOM,57967575
BECO,BECO,39.024557667,-77.437132715,LOUDOUN,DOM,76427739
BECO,BECO,39.024557667,-77.437132715,LOUDOUN,DOM,1183224741
BECO,BECO,39.024557667,-77.437132715,LOUDOUN,DOM,2156109917
BECO,BECO,39.024557667,-77.437132715,LOUDOUN,DOM,2156112355
CREWE,CREWE,37.165045008,-78.130684064,NOTTOWAY,DOM,34885313
SINAI,SINAI,36.743050676,-78.929849666,HALIFAX,DOM,34885657
SINAI,SINAI,36.743050676,-78.929849666,HALIFAX,DOM,2156114031
TYLER,TYLER,37.35109094,-77.395239091,CHESTERFIELD,DOM,34885699
TYLER,TYLER,37.35109094,-77.395239091,CHESTERFIELD,DOM,1075448052
PLEASANT VIEW,PLEASANT VIEW,39.075908171,-77.528822202,LOUDOUN,DOM,35010371
COLONY,COLONY,37.107451683,-76.50412403,NEWPORT NEWS,DOM,34885793
COLONY,COLONY,37.107451683,-76.50412403,NEWPORT NEWS,DOM,34885795
COLONY,COLONY,37.107451683,-76.50412403,NEWPORT NEWS,DOM,34885797
MOSBY,MOSBY,38.894968597,-77.568203064,LOUDOUN,DOM,1207074967
MOSBY,MOSBY,38.894968597,-77.568203064,LOUDOUN,DOM,1207074968
MOSBY,MOSBY,38.894968597,-77.568203064,LOUDOUN,DOM,1248993375
MOSBY,MOSBY,38.894968597,-77.568203064,LOUDOUN,DOM,1248993376
MOSBY,MOSBY,38.894968597,-77.568203064,LOUDOUN,DOM,1248993377
MOSBY,MOSBY,38.894968597,-77.568203064,LOUDOUN,DOM,1248993378
MOSBY,MOSBY,38.894968597,-77.568203064,LOUDOUN,DOM,1356178181
SEAFORD,SEAFORD,37.126578772,-76.440453173,YORK,DOM,34885985
SEAFORD,SEAFORD,37.126578772,-76.440453173,YORK,DOM,34885987
EMPORIA,EMPORIA,36.695860611,-77.5596501,EMPORIA,DOM,34885343
EMPORIA,EMPORIA,36.695860611,-77.5596501,EMPORIA,DOM,48934201
PLAZA,PLAZA,37.498039786,-77.478184381,RICHMOND,DOM,34885599
PLAZA,PLAZA,37.498039786,-77.478184381,RICHMOND,DOM,34885601
PLAZA,PLAZA,37.498039786,-77.478184381,RICHMOND,DOM,34885603
RESTON,RESTON,38.952913591,-77.34561861,FAIRFAX,DOM,34886391
RESTON,RESTON,38.952913591,-77.34561861,FAIRFAX,DOM,34886393
RESTON,RESTON,38.952913591,-77.34561861,FAIRFAX,DOM,34886395
TREGO,TREGO,36.601009502,-77.637196976,GREENSVILLE,DOM,34885681
LOWMOOR,LOWMOOR,37.776528516,-79.891991394,ALLEGHANY,DOM,34887993
LOWMOOR,LOWMOOR,37.776528516,-79.891991394,ALLEGHANY,DOM,40243767
LOWMOOR,LOWMOOR,37.776528516,-79.891991394,ALLEGHANY,DOM,40243769
LOWMOOR,LOWMOOR,37.776528516,-79.891991394,ALLEGHANY,DOM,40243771
LOWMOOR,LOWMOOR,37.776528516,-79.891991394,ALLEGHANY,DOM,40243773
CIA,CIA,38.950446211,-77.148167453,FAIRFAX,DOM,34886175
CIA,CIA,38.950446211,-77.148167453,FAIRFAX,DOM,34886177
CIA,CIA,38.950446211,-77.148167453,FAIRFAX,DOM,34886179
CIA,CIA,38.950446211,-77.148167453,FAIRFAX,DOM,34886181
SURRY,SURRY,37.162020327,-76.694777261,SURRY,DOM,35010355
ACCA,ACCA,37.57993938,-77.47755036,HENRICO,DOM,34885183
ACCA,ACCA,37.57993938,-77.47755036,HENRICO,DOM,34885185
ACCA,ACCA,37.57993938,-77.47755036,HENRICO,DOM,34885187
ACCA,ACCA,37.57993938,-77.47755036,HENRICO,DOM,34885189
ACCA,ACCA,37.57993938,-77.47755036,HENRICO,DOM,34885191
ELMONT,ELMONT,37.6977958,-77.484711467,HANOVER,DOM,35010345
ALLIED,ALLIED,37.338368453,-77.297758113,CHESTERFIELD,DOM,34885193
ALLIED,ALLIED,37.338368453,-77.297758113,CHESTERFIELD,DOM,34885195
ALLIED,ALLIED,37.338368453,-77.297758113,CHESTERFIELD,DOM,34885197
WALNEY,WALNEY,38.893655804,-77.411585226,FAIRFAX,DOM,34886449
WALNEY,WALNEY,38.893655804,-77.411585226,FAIRFAX,DOM,34886451
WALNEY,WALNEY,38.893655804,-77.411585226,FAIRFAX,DOM,1183224922
SULLY,SULLY,38.919772044,-77.428392905,FAIRFAX,DOM,34886429
SULLY,SULLY,38.919772044,-77.428392905,FAIRFAX,DOM,34886431
ALPINE,ALPINE,37.336270183,-77.281096583,CHESTERFIELD,DOM,34885199
ALPINE,ALPINE,37.336270183,-77.281096583,CHESTERFIELD,DOM,34885201
ALPINE,ALPINE,37.336270183,-77.281096583,CHESTERFIELD,DOM,34885203
CLIFTON,CLIFTON,38.781208731,-77.398806763,FAIRFAX,DOM,35010361
CLIFTON,CLIFTON,38.781208731,-77.398806763,FAIRFAX,DOM,1107290216
DULLES,DULLES,38.945376234,-77.431759545,FAIRFAX,DOM,34886221
DULLES,DULLES,38.945376234,-77.431759545,FAIRFAX,DOM,34886223
DULLES,DULLES,38.945376234,-77.431759545,FAIRFAX,DOM,34886225
DULLES,DULLES,38.945376234,-77.431759545,FAIRFAX,DOM,34886227
DULLES,DULLES,38.945376234,-77.431759545,FAIRFAX,DOM,1218907047
DULLES,DULLES,38.945376234,-77.431759545,FAIRFAX,DOM,2156111271
WHEELER,WHEELER,38.753080543,-77.654226516,PRINCE WILLIAM,DOM,1552832691
LYNNHAVN,LYNNHAVEN,36.838375129,-76.075256273,VIRGINIA BEACH,DOM,34885917
LYNNHAVN,LYNNHAVEN,36.838375129,-76.075256273,VIRGINIA BEACH,DOM,34885919
LYNNHAVN,LYNNHAVEN,36.838375129,-76.075256273,VIRGINIA BEACH,DOM,1356163780
LYNNHAVN,LYNNHAVEN,36.838375129,-76.075256273,VIRGINIA BEACH,DOM,1775828314
LYNNHAVN,LYNNHAVEN,36.838375129,-76.075256273,VIRGINIA BEACH,DOM,1775828315
WARRENTN,WARRENTON,38.69742368,-77.767463815,FAUQUIER,DOM,34886459
WARRENTN,WARRENTON,38.69742368,-77.767463815,FAUQUIER,DOM,36181325
WARRENTN,WARRENTON,38.69742368,-77.767463815,FAUQUIER,DOM,44460837
GREENWCH,GREENWICH,36.841765618,-76.174979974,VIRGINIA BEACH,DOM,34885857
REMINGTN,REMINGTON,38.539643524,-77.777219703,FAUQUIER,DOM,34886383
REMINGTN,REMINGTON,38.539643524,-77.777219703,FAUQUIER,DOM,34886385
REMINGTN,REMINGTON,38.539643524,-77.777219703,FAUQUIER,DOM,1388614460
LAKRIDGE,LAKERIDGE,38.692431378,-77.294868486,PRINCE WILLIAM,DOM,34886313
LAKRIDGE,LAKERIDGE,38.692431378,-77.294868486,PRINCE WILLIAM,DOM,34886315
CENTRLIA,CENTRALIA,37.379497547,-77.453444749,CHESTERFIELD,DOM,34885255
CENTRLIA,CENTRALIA,37.379497547,-77.453444749,CHESTERFIELD,DOM,34885257
LGHTFOOT,LIGHTFOOT,37.328230505,-76.757109811,JAMES CITY,DOM,34885905
LGHTFOOT,LIGHTFOOT,37.328230505,-76.757109811,JAMES CITY,DOM,34885907
LGHTFOOT,LIGHTFOOT,37.328230505,-76.757109811,JAMES CITY,DOM,112586037
LGHTFOOT,LIGHTFOOT,37.328230505,-76.757109811,JAMES CITY,DOM,2156112235
LGHTFOOT,LIGHTFOOT,37.328230505,-76.757109811,JAMES CITY,DOM,2156113068
WAKFIELD,WAKEFIELD,36.897902687,-76.897840941,SOUTHAMPTON,DOM,34885705
WAKFIELD,WAKEFIELD,36.897902687,-76.897840941,SOUTHAMPTON,DOM,34885707
FRANCONA,FRANCONIA,38.73904943,-77.193791114,FAIRFAX,DOM,34886241
FRANCONA,FRANCONIA,38.73904943,-77.193791114,FAIRFAX,DOM,34886243
ANNANDAL,ANNANDALE,38.823506477,-77.169013702,FAIRFAX,DOM,34886121
ANNANDAL,ANNANDALE,38.823506477,-77.169013702,FAIRFAX,DOM,34886123
COMORNDP,COMORN DP,38.279942311,-77.204353709,KING GEORGE,DOM,45565869
GREENRUN,GREEN RUN,36.797922865,-76.107284671,VIRGINIA BEACH,DOM,34885853
GREENRUN,GREEN RUN,36.797922865,-76.107284671,VIRGINIA BEACH,DOM,34885855
CLARENDN,CLARENDON,38.884959597,-77.104638936,ARLINGTON,DOM,2041963095
CLARENDN,CLARENDON,38.884959597,-77.104638936,ARLINGTON,DOM,2041963096
COVINGTN,COVINGTON,37.769319968,-79.985999933,COVINGTON,DOM,34886707
COVINGTN,COVINGTON,37.769319968,-79.985999933,COVINGTON,DOM,34886709
FARMVILL,FARMVILLE,37.311421583,-78.393034104,CUMBERLAND,DOM,34885349
FARMVILL,FARMVILLE,37.311421583,-78.393034104,CUMBERLAND,DOM,34885351
FARMVILL,FARMVILLE,37.311421583,-78.393034104,CUMBERLAND,DOM,34885353
FARMVILL,FARMVILLE,37.311421583,-78.393034104,CUMBERLAND,DOM,1439646323
PENDLETN,PENDLETON,36.790386051,-75.998421042,VIRGINIA BEACH,DOM,34885959
PENDLETN,PENDLETON,36.790386051,-75.998421042,VIRGINIA BEACH,DOM,34885961
PENDLETN,PENDLETON,36.790386051,-75.998421042,VIRGINIA BEACH,DOM,2041990671
ALTAVSTA,ALTAVISTA,37.130063731,-79.278442637,CAMPBELL,DOM,1356153835
POLANDRD,POLAND RD,38.917516305,-77.491736285,LOUDOUN,DOM,1552832688
POLANDRD,POLAND RD,38.917516305,-77.491736285,LOUDOUN,DOM,1552832689
POLANDRD,POLAND RD,38.917516305,-77.491736285,LOUDOUN,DOM,2156110848
POLANDRD,POLAND RD,38.917516305,-77.491736285,LOUDOUN,DOM,2156110849
PENINSLA,PENINSULA,37.09145819,-76.388809845,HAMPTON,DOM,34885963
PENINSLA,PENINSULA,37.09145819,-76.388809845,HAMPTON,DOM,34885965
PENINSLA,PENINSULA,37.09145819,-76.388809845,HAMPTON,DOM,34885967
MINEROAD,MINE ROAD,38.250285904,-77.475913984,SPOTSYLVANIA,DOM,34886327
MINEROAD,MINE ROAD,38.250285904,-77.475913984,SPOTSYLVANIA,DOM,34886329
SHELLBNK,SHELLBANK,37.029970915,-76.367087095,HAMPTON,DOM,34885997
SHELLBNK,SHELLBANK,37.029970915,-76.367087095,HAMPTON,DOM,1084384755
SHELLBNK,SHELLBANK,37.029970915,-76.367087095,HAMPTON,DOM,1084384756
KENBRIDG,KENBRIDGE,36.959628202,-78.131723677,LUNENBURG,DOM,34885455
BEAUMEAD,BEAUMEADE,39.02615843,-77.456400897,LOUDOUN,DOM,34886145
BEAUMEAD,BEAUMEADE,39.02615843,-77.456400897,LOUDOUN,DOM,34886147
BEAUMEAD,BEAUMEADE,39.02615843,-77.456400897,LOUDOUN,DOM,45565881
BEAUMEAD,BEAUMEADE,39.02615843,-77.456400897,LOUDOUN,DOM,1356154395
BEAUMEAD,BEAUMEADE,39.02615843,-77.456400897,LOUDOUN,DOM,2156111403
LANDSTWN,LANDSTOWN,36.77130203,-76.0921628,VIRGINIA BEACH,DOM,34885897
LANDSTWN,LANDSTOWN,36.77130203,-76.0921628,VIRGINIA BEACH,DOM,74008665
LANDSTWN,LANDSTOWN,36.77130203,-76.0921628,VIRGINIA BEACH,DOM,1318144917
LANDSTWN,LANDSTOWN,36.77130203,-76.0921628,VIRGINIA BEACH,DOM,1775828311
LANDSTWN,LANDSTOWN,36.77130203,-76.0921628,VIRGINIA BEACH,DOM,1775828312
OAKRIDGE,OAK RIDGE,36.724681149,-76.62220275,SUFFOLK,DOM,34885947
OAKRIDGE,OAK RIDGE,36.724681149,-76.62220275,SUFFOLK,DOM,1305122802
ARLINGTN,ARLINGTON,38.847690823,-77.097826242,ARLINGTON,DOM,34886127
ARLINGTN,ARLINGTON,38.847690823,-77.097826242,ARLINGTON,DOM,34886129
ARLINGTN,ARLINGTON,38.847690823,-77.097826242,ARLINGTON,DOM,34886131
ARLINGTN,ARLINGTON,38.847690823,-77.097826242,ARLINGTON,DOM,34886133
FAIRFELD,FAIRFIELD,37.870506397,-79.306724045,ROCKBRIDGE,DOM,34886761
PEARSON,PEARSONS,37.671245655,-77.379245388,HANOVER,DOM,34885591
HANOVER4,HANOVER,37.740695351,-77.462714791,HANOVER,DOM,34885389
HANOVER4,HANOVER,37.740695351,-77.462714791,HANOVER,DOM,1107282762
HANOVER4,HANOVER,37.740695351,-77.462714791,HANOVER,DOM,2156113242
GRAFTON4,GRAFTON,37.14913923,-76.498499503,YORK,DOM,34885849
BALSTON,BALLSTON,38.884982737,-77.0984868,ARLINGTON,DOM,63381281
NEWROAD,NEW ROAD,38.933913292,-77.625408946,LOUDOUN,DOM,1123172330
HAMILTN,HAMILTON,39.146408448,-77.680399879,LOUDOUN,DOM,83734355
HAMILTN,HAMILTON,39.146408448,-77.680399879,LOUDOUN,DOM,135389817
HAMILTN,HAMILTON,39.146408448,-77.680399879,LOUDOUN,DOM,2156113094
GLASGOW4,GLASGOW,37.624842344,-79.480695163,ROCKBRIDGE,DOM,34886767
GLASGOW4,GLASGOW,37.624842344,-79.480695163,ROCKBRIDGE,DOM,34886769
ROSLYN,ROSSLYN,38.89607909,-77.071536054,ARLINGTON,DOM,34886397
ROSLYN,ROSSLYN,38.89607909,-77.071536054,ARLINGTON,DOM,34886399
ROSLYN,ROSSLYN,38.89607909,-77.071536054,ARLINGTON,DOM,34886401
ROSLYN,ROSSLYN,38.89607909,-77.071536054,ARLINGTON,DOM,34886403
LOUDOUN,LOUDON,38.894131891,-77.564547032,LOUDOUN,DOM,35010365
TRABUE4,TRABUE,37.507266506,-77.628992965,CHESTERFIELD,DOM,34885679
TRABUE4,TRABUE,37.507266506,-77.628992965,CHESTERFIELD,DOM,48934093
DUPONT4,DUPONT,37.453271381,-77.438457764,CHESTERFIELD,DOM,34885331
DUPONT4,DUPONT,37.453271381,-77.438457764,CHESTERFIELD,DOM,34885333
DUPONT4,DUPONT,37.453271381,-77.438457764,CHESTERFIELD,DOM,34885335
GOSHEN4,GOSHEN,37.968344519,-79.509224702,ROCKBRIDGE,DOM,34886775
GOSHEN4,GOSHEN,37.968344519,-79.509224702,ROCKBRIDGE,DOM,34886777
CLARK4,CLARK,38.907182457,-77.271270315,FAIRFAX,DOM,34886187
CLARK4,CLARK,38.907182457,-77.271270315,FAIRFAX,DOM,34886189
CLARK4,CLARK,38.907182457,-77.271270315,FAIRFAX,DOM,34886191
ROCKBRDG,ROCKBRIDGE,37.798442484,-79.415567159,ROCKBRIDGE,DOM,34886861
ROCKBRDG,ROCKBRIDGE,37.798442484,-79.415567159,ROCKBRIDGE,DOM,34886863
CRITTNDN,CRITTENDEN,36.883442726,-76.525059586,SUFFOLK,DOM,34885811
KEENMILL,KEENE MILL,38.773933073,-77.263494946,FAIRFAX,DOM,34886307
KEENMILL,KEENE MILL,38.773933073,-77.263494946,FAIRFAX,DOM,34886309
MANCHSTR,MANCHESTER,37.49546269,-77.432189064,RICHMOND,DOM,34885497
MANCHSTR,MANCHESTER,37.49546269,-77.432189064,RICHMOND,DOM,34885499
ELKO4,ELKO,37.477259165,-77.237444826,HENRICO,DOM,74008661
ELKO4,ELKO,37.477259165,-77.237444826,HENRICO,DOM,1084384387
ELKO4,ELKO,37.477259165,-77.237444826,HENRICO,DOM,2156109183
CHRCHLND,CHURCHLAND,36.871067565,-76.376936346,PORTSMOUTH,DOM,34885787
CHRCHLND,CHURCHLAND,36.871067565,-76.376936346,PORTSMOUTH,DOM,34885791
CHRCHLND,CHURCHLAND,36.871067565,-76.376936346,PORTSMOUTH,DOM,57967571
CHRCHLND,CHURCHLAND,36.871067565,-76.376936346,PORTSMOUTH,DOM,1292916186
HARWGATE,HARROWGATE,37.291850536,-77.419123987,CHESTERFIELD,DOM,34885399
HARWGATE,HARROWGATE,37.291850536,-77.419123987,CHESTERFIELD,DOM,34885401
HARWGATE,HARROWGATE,37.291850536,-77.419123987,CHESTERFIELD,DOM,34885403
CHASECTY,CHASE CITY,36.8090598,-78.465551547,MECKLENBURG,DOM,34885261
CHASECTY,CHASE CITY,36.8090598,-78.465551547,MECKLENBURG,DOM,2156110043
CHASECTY,CHASE CITY,36.8090598,-78.465551547,MECKLENBURG,DOM,2156112137
SMITHFLD,SMITHFIELD,36.959700701,-76.66956785,ISLE OF WIGHT,DOM,34886007
SMITHFLD,SMITHFIELD,36.959700701,-76.66956785,ISLE OF WIGHT,DOM,34886009
SMITHFLD,SMITHFIELD,36.959700701,-76.66956785,ISLE OF WIGHT,DOM,2156114008
BRAMBLET,BRAMBLETON,38.963557926,-77.549042104,LOUDOUN,DOM,1107283198
BRAMBLET,BRAMBLETON,38.963557926,-77.549042104,LOUDOUN,DOM,1305122928
BRAMBLET,BRAMBLETON,38.963557926,-77.549042104,LOUDOUN,DOM,1356178171
BRAMBLET,BRAMBLETON,38.963557926,-77.549042104,LOUDOUN,DOM,2156109918
BRAMBLET,BRAMBLETON,38.963557926,-77.549042104,LOUDOUN,DOM,2156109919
DISPUTNT,DISPUTANTA,37.110289304,-77.225212665,PRINCE GEORGE,DOM,34885321
MIDDLEBG,MIDDLEBURG,38.959243149,-77.721561192,LOUDOUN,DOM,34886323
MIDDLEBG,MIDDLEBURG,38.959243149,-77.721561192,LOUDOUN,DOM,34886325
MIDDLEBG,MIDDLEBURG,38.959243149,-77.721561192,LOUDOUN,DOM,51519933
WOODBRGE,WOODBRIDGE,38.654745017,-77.282509097,PRINCE WILLIAM,DOM,34886463
WOODBRGE,WOODBRIDGE,38.654745017,-77.282509097,PRINCE WILLIAM,DOM,34886465
DUNNSVIL,DUNNSVILLE,37.852778964,-76.81263913,ESSEX,DOM,34885329
DUNNSVIL,DUNNSVILLE,37.852778964,-76.81263913,ESSEX,DOM,1132286178
WINTERPK,WINTERPOCK,37.393218156,-77.672106851,CHESTERFIELD,DOM,34885735
WINTERPK,WINTERPOCK,37.393218156,-77.672106851,CHESTERFIELD,DOM,34885737
WINTERPK,WINTERPOCK,37.393218156,-77.672106851,CHESTERFIELD,DOM,2156110185
WINTERPK,WINTERPOCK,37.393218156,-77.672106851,CHESTERFIELD,DOM,2156113897
HOPEWEL4,HOPEWELL,37.290060485,-77.282666284,HOPEWELL,DOM,34885413
HOPEWEL4,HOPEWELL,37.290060485,-77.282666284,HOPEWELL,DOM,34885415
HOPEWEL4,HOPEWELL,37.290060485,-77.282666284,HOPEWELL,DOM,34885417
STHWEST,SOUTHWEST,37.502079655,-77.532332397,CHESTERFIELD,DOM,34885669
STHWEST,SOUTHWEST,37.502079655,-77.532332397,CHESTERFIELD,DOM,34885671
YORKTOW4,YORKTOWN,37.213163289,-76.461034909,YORK,DOM,34886107
YORKTOW4,YORKTOWN,37.213163289,-76.461034909,YORK,DOM,34886109
YORKTOW4,YORKTOWN,37.213163289,-76.461034909,YORK,DOM,34886111
YORKTOW4,YORKTOWN,37.213163289,-76.461034909,YORK,DOM,34886113
YORKTOW4,YORKTOWN,37.213163289,-76.461034909,YORK,DOM,34886115
YORKTOW4,YORKTOWN,37.213163289,-76.461034909,YORK,DOM,34886117
YORKTOW4,YORKTOWN,37.213163289,-76.461034909,YORK,DOM,34887863
YORKTOW4,YORKTOWN,37.213163289,-76.461034909,YORK,DOM,34887865
YORKTOW4,YORKTOWN,37.213163289,-76.461034909,YORK,DOM,34887867
YORKTOW4,YORKTOWN,37.213163289,-76.461034909,YORK,DOM,2156109457
YORKTOW4,YORKTOWN,37.213163289,-76.461034909,YORK,DOM,2156109459
YORKTOW4,YORKTOWN,37.213163289,-76.461034909,YORK,DOM,2156114185
IDYLWOO4,IDYLWOOD,38.885642438,-77.209608346,FAIRFAX,DOM,123900989
IDYLWOO4,IDYLWOOD,38.885642438,-77.209608346,FAIRFAX,DOM,135389827
IDYLWOO4,IDYLWOOD,38.885642438,-77.209608346,FAIRFAX,DOM,1379258867
IDYLWOO4,IDYLWOOD,38.885642438,-77.209608346,FAIRFAX,DOM,1379258868
BANISTE4,BANISTER,36.750520755,-79.406172518,PITTSYLVANIA,DOM,34885209
LAKESID4,LAKESIDE,37.616885132,-77.460116238,HENRICO,DOM,34885471
LAKESID4,LAKESIDE,37.616885132,-77.460116238,HENRICO,DOM,34885473
LAKESID4,LAKESIDE,37.616885132,-77.460116238,HENRICO,DOM,34885475
LAKESID4,LAKESIDE,37.616885132,-77.460116238,HENRICO,DOM,34885477
HOLLYMD,HOLLYMEAD,38.12733997,-78.433773194,ALBEMARLE,DOM,34886791
COLUMBI4,COLUMBIA,37.760927453,-78.173417529,FLUVANNA,DOM,34886705
HAYFIEL4,HAYFIELD,38.763114803,-77.150404319,FAIRFAX,DOM,34886281
HAYFIEL4,HAYFIELD,38.763114803,-77.150404319,FAIRFAX,DOM,34886283
MIDWAYDP,MIDWAY,38.026582123,-78.707159911,ALBEMARLE,DOM,34886819
JETERSVL,JETERSVILLE,37.280602516,-78.111641966,AMELIA,DOM,34885449
JETERSVL,JETERSVILLE,37.280602516,-78.111641966,AMELIA,DOM,36181303
JETERSVL,JETERSVILLE,37.280602516,-78.111641966,AMELIA,DOM,36181305
BEARGRDN,BEAR GARDEN,37.697089661,-78.284321321,BUCKINGHAM,DOM,93354015
BEARGRDN,BEAR GARDEN,37.697089661,-78.284321321,BUCKINGHAM,DOM,93354017
BEARGRDN,BEAR GARDEN,37.697089661,-78.284321321,BUCKINGHAM,DOM,93354019
BEARGRDN,BEAR GARDEN,37.697089661,-78.284321321,BUCKINGHAM,DOM,123900961
CRAIGSVL,CRAIGSVILLE,38.082851763,-79.384841335,AUGUSTA,DOM,34886711
DRANESVL,DRANESVILLE,38.979397877,-77.361558654,FAIRFAX,DOM,34886217
DRANESVL,DRANESVILLE,38.979397877,-77.361558654,FAIRFAX,DOM,34886219
DRANESVL,DRANESVILLE,38.979397877,-77.361558654,FAIRFAX,DOM,76427741
TIMBERVL,TIMBERVILLE,38.627392537,-78.778728777,ROCKINGHAM,DOM,34886883
TIMBERVL,TIMBERVILLE,38.627392537,-78.778728777,ROCKINGHAM,DOM,1107283611
OTTERRIV,OTTER RIVER,37.054226831,-79.253056137,PITTSYLVANIA,DOM,34885579
OTTERRIV,OTTER RIVER,37.054226831,-79.253056137,PITTSYLVANIA,DOM,34885581
RAVNSWTH,RAVENSWORTH,38.796751853,-77.243703076,FAIRFAX,DOM,34886381
GUMSPRNG,GUM SPRINGS,38.748670824,-77.089312749,FAIRFAX,DOM,34886275
GUMSPRNG,GUM SPRINGS,38.748670824,-77.089312749,FAIRFAX,DOM,34886277
DAVISDRV,DAVIS DRIVE,38.989714988,-77.411932437,LOUDOUN,DOM,1869181762
DAVISDRV,DAVIS DRIVE,38.989714988,-77.411932437,LOUDOUN,DOM,2156109574
DAVISDRV,DAVIS DRIVE,38.989714988,-77.411932437,LOUDOUN,DOM,2156113031
DAVISDRV,DAVIS DRIVE,38.989714988,-77.411932437,LOUDOUN,DOM,2156113098
GAINESVL,GAINESVILLE,38.790845286,-77.565172073,PRINCE WILLIAM,DOM,34886253
GAINESVL,GAINESVILLE,38.790845286,-77.565172073,PRINCE WILLIAM,DOM,34886255
GAINESVL,GAINESVILLE,38.790845286,-77.565172073,PRINCE WILLIAM,DOM,51519931
CLOVERHL,CLOVER HILL,38.719799,-77.499632,PRINCE WILLIAM,DOM,1107283217
CLOVERHL,CLOVER HILL,38.719799,-77.499632,PRINCE WILLIAM,DOM,1107283218
CLOVERHL,CLOVER HILL,38.719799,-77.499632,PRINCE WILLIAM,DOM,1666105591
CLOVERHL,CLOVER HILL,38.719799,-77.499632,PRINCE WILLIAM,DOM,2156112396
CLOVERHL,CLOVER HILL,38.719799,-77.499632,PRINCE WILLIAM,DOM,2156112403
FULLERRD,FULLER ROAD,38.500802542,-77.364935348,STAFFORD,DOM,1067162354
MOOREDP,MOORE,38.767553956,-77.375004777,FAIRFAX,DOM,34886333
RIVERRD,RIVER ROAD,37.574427702,-77.575167897,HENRICO,DOM,34885627
RIVERRD,RIVER ROAD,37.574427702,-77.575167897,HENRICO,DOM,34885629
RIVERRD,RIVER ROAD,37.574427702,-77.575167897,HENRICO,DOM,34885631
RIVERRD,RIVER ROAD,37.574427702,-77.575167897,HENRICO,DOM,34885633
MCLAUGH,MCLAUGHLIN,36.874186041,-76.298504693,NORFOLK,DOM,34885929
MCLAUGH,MCLAUGHLIN,36.874186041,-76.298504693,NORFOLK,DOM,74008667
FLUVANNA,FLUVANNA P.S.,37.86735761,-78.379427723,FLUVANNA,DOM,34887979
FLUVANNA,FLUVANNA P.S.,37.86735761,-78.379427723,FLUVANNA,DOM,34887981
FLUVANNA,FLUVANNA P.S.,37.86735761,-78.379427723,FLUVANNA,DOM,34887983
FLUVANNA,FLUVANNA P.S.,37.86735761,-78.379427723,FLUVANNA,DOM,34887985
FLUVANNA,FLUVANNA P.S.,37.86735761,-78.379427723,FLUVANNA,DOM,35010381
GORDONSV,GORDONSVILLE,38.126547753,-78.221549135,ALBEMARLE,DOM,34886771
GORDONSV,GORDONSVILLE,38.126547753,-78.221549135,ALBEMARLE,DOM,38367919
NWPORTNW,NEWPORT NEWS,36.986557024,-76.430437479,NEWPORT NEWS,DOM,34885941
NWPORTNW,NEWPORT NEWS,36.986557024,-76.430437479,NEWPORT NEWS,DOM,34885943
NWPORTNW,NEWPORT NEWS,36.986557024,-76.430437479,NEWPORT NEWS,DOM,34885945
CARTERSV,CARTERSVILLE,37.657021313,-78.127761403,CUMBERLAND,DOM,34886693
PROFITDP,PROFFIT,38.118575821,-78.415379366,ALBEMARLE,DOM,34886855
PROFITDP,PROFFIT,38.118575821,-78.415379366,ALBEMARLE,DOM,34886857
POLYESTR,POLYESTER PS,37.298179398,-77.283444227,HOPEWELL,DOM,1305122598
POLYESTR,POLYESTER PS,37.298179398,-77.283444227,HOPEWELL,DOM,1552845038
MARSHRUN,MARSH RUN CT,38.527898505,-77.7696135,FAUQUIER,DOM,34887875
MARSHRUN,MARSH RUN CT,38.527898505,-77.7696135,FAUQUIER,DOM,34887877
MARSHRUN,MARSH RUN CT,38.527898505,-77.7696135,FAUQUIER,DOM,34887879
MARSHRUN,MARSH RUN CT,38.527898505,-77.7696135,FAUQUIER,DOM,98369961
MARSHRUN,MARSH RUN CT,38.527898505,-77.7696135,FAUQUIER,DOM,98369963
FISHERSV,FISHERSVILLE,38.095692525,-78.955718924,AUGUSTA,DOM,34886763
FISHERSV,FISHERSVILLE,38.095692525,-78.955718924,AUGUSTA,DOM,34886765
HARRSNBG,HARRISONBURG,38.411324156,-78.882280501,ROCKINGHAM,DOM,34886783
HARRSNBG,HARRISONBURG,38.411324156,-78.882280501,ROCKINGHAM,DOM,34886785
HARRSNBG,HARRISONBURG,38.411324156,-78.882280501,ROCKINGHAM,DOM,34886787
HARRSNBG,HARRISONBURG,38.411324156,-78.882280501,ROCKINGHAM,DOM,34886789
GALLWSRD,GALLOWS ROAD,38.854428766,-77.219144115,FAIRFAX,DOM,34886257
GALLWSRD,GALLOWS ROAD,38.854428766,-77.219144115,FAIRFAX,DOM,34886259
SPRUANCE,SPRUANCE NUG,37.454533514,-77.429385997,RICHMOND,DOM,2156109332
SPRUANCE,SPRUANCE NUG,37.454533514,-77.429385997,RICHMOND,DOM,2156109333
SPRUANCE,SPRUANCE NUG,37.454533514,-77.429385997,RICHMOND,DOM,2156109334
SPRUANCE,SPRUANCE NUG,37.454533514,-77.429385997,RICHMOND,DOM,2156109335
SPRUANCE,SPRUANCE NUG,37.454533514,-77.429385997,RICHMOND,DOM,2156109452
SPRUANCE,SPRUANCE NUG,37.454533514,-77.429385997,RICHMOND,DOM,2156109453
LOVETTSV,LOVETTSVILLE,39.295431597,-77.632679468,LOUDOUN,DOM,38367913
LOVETTSV,LOVETTSVILLE,39.295431597,-77.632679468,LOUDOUN,DOM,1183224844
ELKTONDP,ELKTON D.P.,38.353003801,-78.666313204,ROCKINGHAM,DOM,34886755
BARRCKRD,BARRACKS ROAD,38.071634537,-78.530511575,ALBEMARLE,DOM,34886663
BARRCKRD,BARRACKS ROAD,38.071634537,-78.530511575,ALBEMARLE,DOM,34886665
DARBYTWN,DARBYTOWN CTS,37.499038527,-77.369357505,HENRICO,DOM,34887787
DARBYTWN,DARBYTOWN CTS,37.499038527,-77.369357505,HENRICO,DOM,34887789
DARBYTWN,DARBYTOWN CTS,37.499038527,-77.369357505,HENRICO,DOM,34887791
DARBYTWN,DARBYTOWN CTS,37.499038527,-77.369357505,HENRICO,DOM,34887793
LAWRNCVL,LAWRENCEVILLE,36.749672181,-77.846466527,BRUNSWICK,DOM,57967563
LAWRNCVL,LAWRENCEVILLE,36.749672181,-77.846466527,BRUNSWICK,DOM,57967565
LAWRNCVL,LAWRENCEVILLE,36.749672181,-77.846466527,BRUNSWICK,DOM,57967665
CLIFTNFG,CLIFTON FORGE,37.812401775,-79.824104896,ALLEGHANY,DOM,34886701
CLIFTNFG,CLIFTON FORGE,37.812401775,-79.824104896,ALLEGHANY,DOM,34886703
CLIFTNFG,CLIFTON FORGE,37.812401775,-79.824104896,ALLEGHANY,DOM,2156109345
BENNSCH,BENNS CHURCH,36.913018003,-76.575849297,ISLE OF WIGHT,DOM,2156110186
KINGSMIL,KING'S MILL,37.233688111,-76.630942461,JAMES CITY,DOM,34885893
KINGSMIL,KING'S MILL,37.233688111,-76.630942461,JAMES CITY,DOM,34885895
BLOXOMSC,BLOXOMS CORNER,37.060740101,-76.30026435,HAMPTON,DOM,34885759
BLOXOMSC,BLOXOMS CORNER,37.060740101,-76.30026435,HAMPTON,DOM,34885761
FRDRKSBG,FREDERICKSBURG,38.30442241,-77.483244826,FREDERICKSBURG,DOM,34886245
FRDRKSBG,FREDERICKSBURG,38.30442241,-77.483244826,FREDERICKSBURG,DOM,34886247
FRDRKSBG,FREDERICKSBURG,38.30442241,-77.483244826,FREDERICKSBURG,DOM,34886249
FRDRKSBG,FREDERICKSBURG,38.30442241,-77.483244826,FREDERICKSBURG,DOM,34886251
GARNERDP,GARNER DP,37.893725506,-76.506419239,NORTHUMBERLAND,DOM,34885367
HARMONYV,HARMONY VILLAGE,37.582311663,-76.484781392,MIDDLESEX,DOM,34885393
HARMONYV,HARMONY VILLAGE,37.582311663,-76.484781392,MIDDLESEX,DOM,38367909
HARMONYV,HARMONY VILLAGE,37.582311663,-76.484781392,MIDDLESEX,DOM,2041990327
MTNROAD,MOUNTAIN ROAD,37.670430294,-77.521910055,HENRICO,DOM,34885525
MTNROAD,MOUNTAIN ROAD,37.670430294,-77.521910055,HENRICO,DOM,34885527
MTNROAD,MOUNTAIN ROAD,37.670430294,-77.521910055,HENRICO,DOM,98370469
WMORELN4,WESTMORELAND,38.008350394,-76.743592778,WESTMORELAND,DOM,51519929
WMORELN4,WESTMORELAND,38.008350394,-76.743592778,WESTMORELAND,DOM,1869195643
CHARLTSV,CHARLOTTESVILLE,38.04159285,-78.457822214,CHARLOTTESVILLE,DOM,34886697
CHARLTSV,CHARLOTTESVILLE,38.04159285,-78.457822214,CHARLOTTESVILLE,DOM,34886699
CHESTER4,CHESTERFIELD,37.381196671,-77.387191808,CHESTERFIELD,DOM,34885267
CHESTER4,CHESTERFIELD,37.381196671,-77.387191808,CHESTERFIELD,DOM,34885269
CHESTER4,CHESTERFIELD,37.381196671,-77.387191808,CHESTERFIELD,DOM,34885271
CHESTER4,CHESTERFIELD,37.381196671,-77.387191808,CHESTERFIELD,DOM,34885273
CHESTER4,CHESTERFIELD,37.381196671,-77.387191808,CHESTERFIELD,DOM,34885275
CHESTER4,CHESTERFIELD,37.381196671,-77.387191808,CHESTERFIELD,DOM,34885277
CHESTER4,CHESTERFIELD,37.381196671,-77.387191808,CHESTERFIELD,DOM,34885279
CHESTER4,CHESTERFIELD,37.381196671,-77.387191808,CHESTERFIELD,DOM,34885281
CHESTER4,CHESTERFIELD,37.381196671,-77.387191808,CHESTERFIELD,DOM,34885283
CHESTER4,CHESTERFIELD,37.381196671,-77.387191808,CHESTERFIELD,DOM,34885285
CHESTER4,CHESTERFIELD,37.381196671,-77.387191808,CHESTERFIELD,DOM,34885287
CHESTER4,CHESTERFIELD,37.381196671,-77.387191808,CHESTERFIELD,DOM,34885289
CHESTER4,CHESTERFIELD,37.381196671,-77.387191808,CHESTERFIELD,DOM,34885291
CHESTER4,CHESTERFIELD,37.381196671,-77.387191808,CHESTERFIELD,DOM,34885293
CHESTER4,CHESTERFIELD,37.381196671,-77.387191808,CHESTERFIELD,DOM,34885295
CHESTER4,CHESTERFIELD,37.381196671,-77.387191808,CHESTERFIELD,DOM,34885297
CHESTER4,CHESTERFIELD,37.381196671,-77.387191808,CHESTERFIELD,DOM,34887765
CHESTER4,CHESTERFIELD,37.381196671,-77.387191808,CHESTERFIELD,DOM,34887767
CHESTER4,CHESTERFIELD,37.381196671,-77.387191808,CHESTERFIELD,DOM,34887769
CHESTER4,CHESTERFIELD,37.381196671,-77.387191808,CHESTERFIELD,DOM,34887771
CHESTER4,CHESTERFIELD,37.381196671,-77.387191808,CHESTERFIELD,DOM,34887773
CHESTER4,CHESTERFIELD,37.381196671,-77.387191808,CHESTERFIELD,DOM,34887775
CHESTER4,CHESTERFIELD,37.381196671,-77.387191808,CHESTERFIELD,DOM,34887777
CHESTER4,CHESTERFIELD,37.381196671,-77.387191808,CHESTERFIELD,DOM,34887779
CHESTER4,CHESTERFIELD,37.381196671,-77.387191808,CHESTERFIELD,DOM,1388604078
INDUSTPK,INDUSTRIAL PARK,36.863899662,-76.248527279,NORFOLK,DOM,34885881
INDUSTPK,INDUSTRIAL PARK,36.863899662,-76.248527279,NORFOLK,DOM,34885883
INDUSTPK,INDUSTRIAL PARK,36.863899662,-76.248527279,NORFOLK,DOM,34885885
INDUSTPK,INDUSTRIAL PARK,36.863899662,-76.248527279,NORFOLK,DOM,112586035
FTPICKET,FORK PICKETT,37.120946485,-77.938049533,NOTTOWAY,DOM,34885363
FTPICKET,FORK PICKETT,37.120946485,-77.938049533,NOTTOWAY,DOM,34885365
FTPICKET,FORK PICKETT,37.120946485,-77.938049533,NOTTOWAY,DOM,1666104976
REEVESAV,REEVES AVE,36.842040585,-76.273180954,NORFOLK,DOM,34885977
REEVESAV,REEVES AVE,36.842040585,-76.273180954,NORFOLK,DOM,34885979
REEVESAV,REEVES AVE,36.842040585,-76.273180954,NORFOLK,DOM,34885981
TURNER4,TURNER ROAD,37.447482732,-77.301436347,HENRICO,DOM,34885683
TURNER4,TURNER ROAD,37.447482732,-77.301436347,HENRICO,DOM,34885685
JOHNSNDP,JOHNSON DP,38.832033437,-77.465746921,FAIRFAX,DOM,34886305
WOODSDP,WOODS DP,38.767419337,-77.478667163,MANASSAS,DOM,34886469
OMEGADP,OMEGA DP,36.670500935,-78.811333785,HALIFAX,DOM,34885577
WINDSRDP,WINDSOR DP,36.822684997,-76.781820664,ISLE OF WIGHT,DOM,34886095
FREEMNDP,FREEMAN DP,36.764203283,-77.70108816,BRUNSWICK,DOM,34885361
NPOLE,NORTH POLE,37.636218898,-77.793856354,GOOCHLAND,DOM,34885555
NPOLE,NORTH POLE,37.636218898,-77.793856354,GOOCHLAND,DOM,1268563614
BATERYHT,BATTERY HEIGHTS DP,38.752763189,-77.457718499,MANASSAS,DOM,34886143
CUBRUNDP,CUB-RUN DP,38.875095574,-77.470410942,FAIRFAX,DOM,34886211
CHURCHST,FALLS CHURCH,38.885727458,-77.157697115,ARLINGTON,DOM,1107282702
PRINCWIL,PRINCE WILLIAM DP,38.74964876,-77.474387456,MANASSAS,DOM,34886375
CHARLCTY,CHARLES CITY ROAD,37.515591677,-77.365974715,HENRICO,DOM,38367907
CHARLCTY,CHARLES CITY ROAD,37.515591677,-77.365974715,HENRICO,DOM,76427735
FTEUSTIS,FORT EUSTIS,37.162285693,-76.546195581,NEWPORT NEWS,DOM,34885841
FTEUSTIS,FORT EUSTIS,37.162285693,-76.546195581,NEWPORT NEWS,DOM,34885843
FTEUSTIS,FORT EUSTIS,37.162285693,-76.546195581,NEWPORT NEWS,DOM,2156111795
STUMPYLK,STUMPY LAKE,36.779469129,-76.157559763,VIRGINIA BEACH,DOM,34886013
STUMPYLK,STUMPY LAKE,36.779469129,-76.157559763,VIRGINIA BEACH,DOM,34886015
HULLSTR,HULL STREET ROAD,37.444430447,-77.576578061,CHESTERFIELD,DOM,34885421
HULLSTR,HULL STREET ROAD,37.444430447,-77.576578061,CHESTERFIELD,DOM,34885423
HULLSTR,HULL STREET ROAD,37.444430447,-77.576578061,CHESTERFIELD,DOM,34885425
SOBOSTON,SOUTH BOSTON,36.700295146,-78.91301087,HALIFAX,DOM,34885659
SOBOSTON,SOUTH BOSTON,36.700295146,-78.91301087,HALIFAX,DOM,34885661
THOLEST,THOLE STREET,36.900061691,-76.258067082,NORFOLK,DOM,34886041
SWINKMIL,SWINKS MILL,38.950166047,-77.199502612,FAIRFAX,DOM,34886433
SWINKMIL,SWINKS MILL,38.950166047,-77.199502612,FAIRFAX,DOM,57967579
SHORTPMP,SHORT PUMP,37.659624253,-77.62363304,HENRICO,DOM,34885651
SHORTPMP,SHORT PUMP,37.659624253,-77.62363304,HENRICO,DOM,34885653
SHORTPMP,SHORT PUMP,37.659624253,-77.62363304,HENRICO,DOM,34885655
TWELFTHS,TWELVTH STREET,37.533573422,-77.439841268,RICHMOND,DOM,34885687
TWELFTHS,TWELVTH STREET,37.533573422,-77.439841268,RICHMOND,DOM,34885689
TWELFTHS,TWELVTH STREET,37.533573422,-77.439841268,RICHMOND,DOM,34885691
TWELFTHS,TWELVTH STREET,37.533573422,-77.439841268,RICHMOND,DOM,34885693
RADNORHT,RADNOR HEIGHTS,38.885977744,-77.082532363,ARLINGTON,DOM,1067162492
CANNONBR,CANNON BRANCH,38.744047747,-77.503011778,MANASSAS,DOM,2156109338
CANNONBR,CANNON BRANCH,38.744047747,-77.503011778,MANASSAS,DOM,2156114666
CANNONBR,CANNON BRANCH,38.744047747,-77.503011778,MANASSAS,DOM,2156114721
CANNONBR,CANNON BRANCH,38.744047747,-77.503011778,MANASSAS,DOM,2156114783
PEACHGDP,PEACH GROVE D.P.,38.381443793,-78.88548045,ROCKINGHAM,DOM,57967581
NATWELDR,NATIONAL WELDERS IND,37.339644439,-77.323259391,CHESTERFIELD,DOM,34885541
HARRSNDP,HARRISON,38.811468825,-77.451300419,FAIRFAX,DOM,34886279
NEAST,NORTHEAST,37.550701339,-77.362323304,HENRICO,DOM,34885547
NEAST,NORTHEAST,37.550701339,-77.362323304,HENRICO,DOM,34885549
NEAST,NORTHEAST,37.550701339,-77.362323304,HENRICO,DOM,34885551
NEAST,NORTHEAST,37.550701339,-77.362323304,HENRICO,DOM,34885553
NEAST,NORTHEAST,37.550701339,-77.362323304,HENRICO,DOM,71856767
NEAST,NORTHEAST,37.550701339,-77.362323304,HENRICO,DOM,1218906567
DANLTNDP,DANIELTOWN,36.903251944,-77.993773208,BRUNSWICK,DOM,34885319
WHITEOA4,WHITE OAK,37.486119956,-77.247066251,HENRICO,DOM,34885729
WHITEOA4,WHITE OAK,37.486119956,-77.247066251,HENRICO,DOM,34885731
WHITEOA4,WHITE OAK,37.486119956,-77.247066251,HENRICO,DOM,2156113379
WHITEOA4,WHITE OAK,37.486119956,-77.247066251,HENRICO,DOM,2156113394
BREMO4,BREMO BLUFF,37.709731738,-78.288448576,FLUVANNA,DOM,34886677
BREMO4,BREMO BLUFF,37.709731738,-78.288448576,FLUVANNA,DOM,1775815501
CRANESCR,CRANEY ISLAND,36.894110411,-76.344993942,PORTSMOUTH,DOM,34886197
CRANESCR,CRANEY ISLAND,36.894110411,-76.344993942,PORTSMOUTH,DOM,34886199
CRANESCR,CRANEY ISLAND,36.894110411,-76.344993942,PORTSMOUTH,DOM,53049069
SHAMPTON,"SOUTHAMPTON SOLAR, LLC",36.613850093,-77.166488979,SOUTHAMPTON,DOM,34887857
NIRIVER,NORTH RIVER D.P.,38.347596742,-78.896563266,ROCKINGHAM,DOM,34886845
CHESAPKE,CHESAPEAKE ENERGY CENTER,36.771000001,-76.303476,CHESAPEAKE,DOM,1305131304
CHESAPKE,CHESAPEAKE ENERGY CENTER,36.771000001,-76.303476,CHESAPEAKE,DOM,1305131306
CHESAPKE,CHESAPEAKE ENERGY CENTER,36.771000001,-76.303476,CHESAPEAKE,DOM,1356163765
CHESAPKE,CHESAPEAKE ENERGY CENTER,36.771000001,-76.303476,CHESAPEAKE,DOM,1775828286
CHESAPKE,CHESAPEAKE ENERGY CENTER,36.771000001,-76.303476,CHESAPEAKE,DOM,1775828287
ELIZRIV,ELIZABETH RIVER POWER STATION,36.773745488,-76.311726046,CHESAPEAKE,DOM,1218906801
ELIZRIV,ELIZABETH RIVER POWER STATION,36.773745488,-76.311726046,CHESAPEAKE,DOM,1552845076
ELIZRIV,ELIZABETH RIVER POWER STATION,36.773745488,-76.311726046,CHESAPEAKE,DOM,1552845077
ELIZRIV,ELIZABETH RIVER POWER STATION,36.773745488,-76.311726046,CHESAPEAKE,DOM,1552845078
RIDGEWAY,RIDGEWAY,36.586418588,-79.838654196,HENRY,AEP,32412357
BOXWOOD,BOXWOOD,37.593455292,-79.032425409,AMHERST,AEP,32410703
BOXWOOD,BOXWOOD,37.593455292,-79.032425409,AMHERST,AEP,2156114563
WYTHE,WYTHE,36.948432396,-81.060499469,WYTHE,AEP,32413115
WYTHE,WYTHE,36.948432396,-81.060499469,WYTHE,AEP,32413117
WYTHE,WYTHE,36.948432396,-81.060499469,WYTHE,AEP,2156111394
SKIMMER,SKIMMER,37.520117213,-79.351642973,BEDFORD,AEP,32412597
SKIMMER,SKIMMER,37.520117213,-79.351642973,BEDFORD,AEP,2156116507
REUSENS,REUSENS,37.462221812,-79.189130036,LYNCHBURG,AEP,32412345
REUSENS,REUSENS,37.462221812,-79.189130036,LYNCHBURG,AEP,32412347
REUSENS,REUSENS,37.462221812,-79.189130036,LYNCHBURG,AEP,32418507
REUSENS,REUSENS,37.462221812,-79.189130036,LYNCHBURG,AEP,32418509
REUSENS,REUSENS,37.462221812,-79.189130036,LYNCHBURG,AEP,32418511
REUSENS,REUSENS,37.462221812,-79.189130036,LYNCHBURG,AEP,32418513
REUSENS,REUSENS,37.462221812,-79.189130036,LYNCHBURG,AEP,32418515
REUSENS,REUSENS,37.462221812,-79.189130036,LYNCHBURG,AEP,2041957372
REUSENS,REUSENS,37.462221812,-79.189130036,LYNCHBURG,AEP,2156111807
MONEL,MONEL,37.456485478,-79.12426127,AMHERST,AEP,32412009
LANE,LANE,37.210140268,-80.420064701,MONTGOMERY,AEP,2156113254
LANE,LANE,37.210140268,-80.420064701,MONTGOMERY,AEP,2156113327
LANE,LANE,37.210140268,-80.420064701,MONTGOMERY,AEP,2156113344
LANE,LANE,37.210140268,-80.420064701,MONTGOMERY,AEP,2156113435
CLAYTOR,CLAYTOR,37.072363783,-80.582385344,PULASKI,AEP,32418343
CLAYTOR,CLAYTOR,37.072363783,-80.582385344,PULASKI,AEP,32418345
CLAYTOR,CLAYTOR,37.072363783,-80.582385344,PULASKI,AEP,32418347
CLAYTOR,CLAYTOR,37.072363783,-80.582385344,PULASKI,AEP,32418349
WURNO,WURNO,37.07469255,-80.717405448,PULASKI,AEP,32413103
WURNO,WURNO,37.07469255,-80.717405448,PULASKI,AEP,32413105
WURNO,WURNO,37.07469255,-80.717405448,PULASKI,AEP,51519927
WURNO,WURNO,37.07469255,-80.717405448,PULASKI,AEP,1165480777
BLAINE,BLAINE,37.050677761,-79.865721371,FRANKLIN,AEP,32410675
BLAINE,BLAINE,37.050677761,-79.865721371,FRANKLIN,AEP,32410677
MONETA,MONETA,37.195263878,-79.617449471,BEDFORD,AEP,32412011
EDGEMONT,EDGEMONT,37.102224537,-80.467101693,MONTGOMERY,AEP,32411165
RUSTBURG,RUSTBURG,37.277182576,-79.106268518,CAMPBELL,AEP,32412459
JOSHUA FALLS,JOSHUA FALLS,37.425394394,-79.036212265,CAMPBELL,AEP,34509199
GRUNDY,GRUNDY,37.30119801,-82.124632632,BUCHANAN,AEP,1218905978
GRUNDY,GRUNDY,37.30119801,-82.124632632,BUCHANAN,AEP,1218905979
BUCKHORN,BUCKHORN,37.135488766,-81.495851519,TAZEWELL,AEP,32410753
BUCKHORN,BUCKHORN,37.135488766,-81.495851519,TAZEWELL,AEP,1388601920
TAZEWELL,TAZEWELL,37.147225259,-81.54471519,TAZEWELL,AEP,32412803
TAZEWELL,TAZEWELL,37.147225259,-81.54471519,TAZEWELL,AEP,32412805
CELANESE,CELANESE,37.346797937,-80.768195362,GILES,AEP,32410849
CELANESE,CELANESE,37.346797937,-80.768195362,GILES,AEP,32410851
CELANESE,CELANESE,37.346797937,-80.768195362,GILES,AEP,32410853
CATAWBA,CATAWBA,37.331915449,-80.026330978,ROANOKE,AEP,32410837
CATAWBA,CATAWBA,37.331915449,-80.026330978,ROANOKE,AEP,32410839
LOCKHART,LOCKHART,37.153858411,-82.425601962,DICKENSON,AEP,112586009
PERMAC,PERMAC,37.15704533,-81.983534203,BUCHANAN,AEP,2156115860
VICKER,VICKER,37.165246644,-80.444058606,MONTGOMERY,AEP,32412919
HANCOCK,HANCOCK,37.267446422,-80.023054408,SALEM,AEP,32411469
HANCOCK,HANCOCK,37.267446422,-80.023054408,SALEM,AEP,32411471
HANCOCK,HANCOCK,37.267446422,-80.023054408,SALEM,AEP,32411473
HANCOCK,HANCOCK,37.267446422,-80.023054408,SALEM,AEP,32411475
HANCOCK,HANCOCK,37.267446422,-80.023054408,SALEM,AEP,32411477
HANCOCK,HANCOCK,37.267446422,-80.023054408,SALEM,AEP,45565849
HANCOCK,HANCOCK,37.267446422,-80.023054408,SALEM,AEP,2156110814
HANCOCK,HANCOCK,37.267446422,-80.023054408,SALEM,AEP,2156115083
MARVIN,MARVIN,37.170858101,-81.974782545,BUCHANAN,AEP,2156116031
KUMIS,KUMIS,37.23690882,-80.17753991,ROANOKE,AEP,32411769
VINTON,VINTON,37.268299246,-79.862955055,ROANOKE,AEP,32412927
VINTON,VINTON,37.268299246,-79.862955055,ROANOKE,AEP,32412929
ROANOKE,ROANOKE,37.25039131,-79.9208591,ROANOKE,AEP,32412389
STARKEY,STARKEY,37.211722077,-79.987235398,ROANOKE,AEP,32412685
STARKEY,STARKEY,37.211722077,-79.987235398,ROANOKE,AEP,61482255
MERRIMAC,MERRIMAC,37.192544733,-80.418816114,MONTGOMERY,AEP,2156113192
FLOYD,FLOYD,36.925929415,-80.308591771,FLOYD,AEP,32411289
FLOYD,FLOYD,36.925929415,-80.308591771,FLOYD,AEP,67719559
FLOYD,FLOYD,36.925929415,-80.308591771,FLOYD,AEP,2041956735
GOMINGO,GOMINGO,37.426632528,-79.08461772,AMHERST,AEP,32411403
CLIFFORD,CLIFFORD,37.694933542,-79.01210208,AMHERST,AEP,2156111844
CLIFFORD,CLIFFORD,37.694933542,-79.01210208,AMHERST,AEP,2156111896
DICKENS,DICKENS,36.843264565,-82.227261734,RUSSELL,AEP,32411115
AXTON,AXTON,36.634550307,-79.704778901,HENRY,AEP,34509177
FRIES,FRIES,36.715259578,-80.988055268,GRAYSON,AEP,32411329
FRIES,FRIES,36.715259578,-80.988055268,GRAYSON,AEP,32411331
FRIES,FRIES,36.715259578,-80.988055268,GRAYSON,AEP,2156109441
COLLEEN,COLLEEN,37.710453454,-78.946506846,NELSON,AEP,1218904600
COLLEEN,COLLEEN,37.710453454,-78.946506846,NELSON,AEP,1218904601
FIELDALE,FIELDALE,36.705855498,-79.914816937,HENRY,AEP,32411253
FIELDALE,FIELDALE,36.705855498,-79.914816937,HENRY,AEP,32411259
FIELDALE,FIELDALE,36.705855498,-79.914816937,HENRY,AEP,32411261
FIELDALE,FIELDALE,36.705855498,-79.914816937,HENRY,AEP,32411263
FIELDALE,FIELDALE,36.705855498,-79.914816937,HENRY,AEP,2156109761
FIELDALE,FIELDALE,36.705855498,-79.914816937,HENRY,AEP,2156109762
FIELDALE,FIELDALE,36.705855498,-79.914816937,HENRY,AEP,2156110447
ABINGDON,ABINGDON,36.720046206,-82.007966583,WASHINGTON,AEP,32410481
ABINGDON,ABINGDON,36.720046206,-82.007966583,WASHINGTON,AEP,32410483
ABINGDON,ABINGDON,36.720046206,-82.007966583,WASHINGTON,AEP,45565837
PHILPOTT,PHILPOTT,36.776071461,-80.027170682,HENRY,AEP,32416457
PHILPOTT,PHILPOTT,36.776071461,-80.027170682,HENRY,AEP,34886933
HUFFMAN,HUFFMAN,36.777301141,-80.71930201,CARROLL,AEP,32411603
HUFFMAN,HUFFMAN,36.777301141,-80.71930201,CARROLL,AEP,32411605
CLOVERDALE,CLOVERDALE,37.381262332,-79.897684186,BOTETOURT,AEP,34509183
THORNTON,THORNTON,36.924930056,-79.924034506,FRANKLIN,AEP,32412829
THORNTON,THORNTON,36.924930056,-79.924034506,FRANKLIN,AEP,1207065866
PENHOOK,PENHOOK,36.978848407,-79.616532322,FRANKLIN,AEP,32412239
HAYSI,HAYSI,37.208578632,-82.30075678,DICKENSON,AEP,1218905980
HAYSI,HAYSI,37.208578632,-82.30075678,DICKENSON,AEP,1218905981
JACKSONS FERRY,JACKSONS FERRY,36.877032963,-80.825717724,WYTHE,AEP,34509195
LEBANON,LEBANON,36.922644931,-82.070513787,RUSSELL,AEP,32411807
BONSACK,BONSACK,37.333084266,-79.870118642,BOTETOURT,AEP,32410697
MOSELEY,MOSELEY,37.352329388,-79.565783526,BEDFORD,AEP,32412031
MOSELEY,MOSELEY,37.352329388,-79.565783526,BEDFORD,AEP,45565859
MOSELEY,MOSELEY,37.352329388,-79.565783526,BEDFORD,AEP,45565861
PEAKSVIE,PEAKSVIEW,37.389466662,-79.122086233,LYNCHBURG,AEP,1218905363
RICHLAND,RICHLANDS,37.092140444,-81.806642638,TAZEWELL,AEP,1123171334
PINNACLE,PINNACLES,36.666909699,-80.447993702,PATRICK,AEP,32412261
PINNACLE,PINNACLES,36.666909699,-80.447993702,PATRICK,AEP,32412263
SALTVILL,SALTVILLE,36.895487965,-81.753345424,SMYTH,AEP,32412473
SALTVILL,SALTVILLE,36.895487965,-81.753345424,SMYTH,AEP,32412475
SALTVILL,SALTVILLE,36.895487965,-81.753345424,SMYTH,AEP,2156112758
SALTVILL,SALTVILLE,36.895487965,-81.753345424,SMYTH,AEP,2156112873
LEESVILL,LEESVILLE,37.093980011,-79.40332373,CAMPBELL,AEP,32418441
LEESVILL,LEESVILLE,37.093980011,-79.40332373,CAMPBELL,AEP,32418443
CAMBRIAP,CAMBRIA,37.142514635,-80.414736505,MONTGOMERY,AEP,2156113416
MTUNION,MT. UNION,37.460082113,-80.015178443,BOTETOURT,AEP,2155501899
MTUNION,MT. UNION,37.460082113,-80.015178443,BOTETOURT,AEP,2155501900
MTUNION,MT. UNION,37.460082113,-80.015178443,BOTETOURT,AEP,2155501901
FREMONT,FREEMONT,37.129821096,-82.396448409,DICKENSON,AEP,32411325
GLENLYN,GLEN LYN,37.369743006,-80.861299381,GILES,AEP,32411389
GLENLYN,GLEN LYN,37.369743006,-80.861299381,GILES,AEP,32411391
FOREST2,FOREST,37.363450768,-79.293105545,BEDFORD,AEP,32411301
FOREST2,FOREST,37.363450768,-79.293105545,BEDFORD,AEP,61482241
KIMBALLT,KIMBALLTON,37.35329063,-80.666728377,GILES,AEP,32411753
KIMBALLT,KIMBALLTON,37.35329063,-80.666728377,GILES,AEP,32411755
DEARINGT,DEARINGTON,37.409266494,-79.164420301,LYNCHBURG,AEP,2156111804
DEARINGT,DEARINGTON,37.409266494,-79.164420301,LYNCHBURG,AEP,2156111836
BYLLESBY,BYLLESBY 2,36.784485506,-80.935303485,CARROLL,AEP,32418335
BYLLESBY,BYLLESBY 2,36.784485506,-80.935303485,CARROLL,AEP,32418337
BYLLESBY,BYLLESBY 2,36.784485506,-80.935303485,CARROLL,AEP,32418339
BYLLESBY,BYLLESBY 2,36.784485506,-80.935303485,CARROLL,AEP,32418341
BYLLESBY,BYLLESBY 2,36.784485506,-80.935303485,CARROLL,AEP,1869178738
BYLLESBY,BYLLESBY 2,36.784485506,-80.935303485,CARROLL,AEP,2156111012
SHAWSVIL,SHAWSVILLE,37.14759537,-80.265553386,MONTGOMERY,AEP,32412571
RIVERVIE,RIVERVILLE,37.511129496,-78.911986826,AMHERST,AEP,5021497
RIVERVIE,RIVERVILLE,37.511129496,-78.911986826,AMHERST,AEP,5021498
ROCKCAST,ROCKCASTLE,37.13219084,-79.571280678,BEDFORD,AEP,32412407
BLUERDGE,BLUE RIDGE,37.385488306,-79.798395288,BOTETOURT,AEP,135388701
BENINGTN,BENNINGTON,37.308572592,-79.930117139,ROANOKE,AEP,2156109896
ALUMRIDG,ALUM RIDGE,36.975394245,-80.398420209,FLOYD,AEP,32410515
MOUNTVIE,MOUNT VIEW,37.259296545,-80.445548495,MONTGOMERY,AEP,2156113339
CLEARBRO,CLEARBROOK,37.2196944,-79.953156716,ROANOKE,AEP,32410907
FRANKLI2,FRANKLIN,36.983462497,-79.918299252,FRANKLIN,AEP,32411311
FRANKLI2,FRANKLIN,36.983462497,-79.918299252,FRANKLIN,AEP,32411313
EDANVILL,DANVILLE,36.615197852,-79.39643322,DANVILLE,AEP,2041956661
EDANVILL,DANVILLE,36.615197852,-79.39643322,DANVILLE,AEP,2156110812
STOCKTO2,STOCKTON,36.682597397,-79.740493502,HENRY,AEP,32412721
STOCKTO2,STOCKTON,36.682597397,-79.740493502,HENRY,AEP,2156109445
MIDWAYAP,MIDWAY,37.170765728,-80.42270364,MONTGOMERY,AEP,2156113305
MIDWAYAP,MIDWAY,37.170765728,-80.42270364,MONTGOMERY,AEP,2156113479
MOUNTAINEER,PETERS MOUNTAIN,37.372100442,-80.798145577,GILES,AEP,34509207
GRAVESMI,GRAVES MILL,37.395626307,-79.236196705,BEDFORD,AEP,32411425
GRAVESMI,GRAVES MILL,37.395626307,-79.236196705,BEDFORD,AEP,32411427
CENTRVIL,CENTERVILLE,37.374595195,-79.501969951,BEDFORD,AEP,45565839
CENTRVIL,CENTERVILLE,37.374595195,-79.501969951,BEDFORD,AEP,45565841
SCOTTSVI,SCOTTSVILLE,37.795468567,-78.509328637,ALBEMARLE,AEP,32412533
SCOTTSVI,SCOTTSVILLE,37.795468567,-78.509328637,ALBEMARLE,AEP,32412535
SCOTTSVI,SCOTTSVILLE,37.795468567,-78.509328637,ALBEMARLE,AEP,2156116592
SCOTTSVI,SCOTTSVILLE,37.795468567,-78.509328637,ALBEMARLE,AEP,2156116595
CAVESPRI,CAVE SPRING,37.228457439,-80.008549577,ROANOKE,AEP,32410841
CAVESPRI,CAVE SPRING,37.228457439,-80.008549577,ROANOKE,AEP,32410843
CLINCHFI,CLINCHFIELD,36.983348164,-82.182834068,RUSSELL,AEP,1869178795
CLINCHFI,CLINCHFIELD,36.983348164,-82.182834068,RUSSELL,AEP,2156112326
HANSMEAD,HANS MEADOW,37.152590215,-80.411527668,MONTGOMERY,AEP,2156113434
HANSONVL,HANSONVILLE,36.847819016,-82.121324953,RUSSELL,AEP,38367847
BOONSBO2,BOONSBORO,37.432953648,-79.229132186,LYNCHBURG,AEP,32410699
JEWELRDG,JEWELL RIDGE,37.192425872,-81.783045603,TAZEWELL,AEP,1218905982
JEWELRDG,JEWELL RIDGE,37.192425872,-81.783045603,TAZEWELL,AEP,1218905983
CLINCHRI,CLINCH RIVER,36.930509288,-82.198033941,RUSSELL,AEP,40243785
CLINCHRI,CLINCH RIVER,36.930509288,-82.198033941,RUSSELL,AEP,40243787
COPPERRI,COPPER RIDGE,36.794329761,-82.464737887,SCOTT,AEP,32410979
BRUSHTAV,BRUSH TAVERN,37.322998121,-79.258710959,CAMPBELL,AEP,32410741
BRUSHTAV,BRUSH TAVERN,37.322998121,-79.258710959,CAMPBELL,AEP,1369000218
BROOKVI2,BROOKVILLE,37.373639572,-79.204437881,LYNCHBURG,AEP,32410733
ELKGARD2,ELK GARDEN,36.914764061,-81.996991004,RUSSELL,AEP,32411187
ELKGARD2,ELK GARDEN,36.914764061,-81.996991004,RUSSELL,AEP,32411189
ELKGARD2,ELK GARDEN,36.914764061,-81.996991004,RUSSELL,AEP,2156110813
BURLING2,BURLINGTON,37.361260865,-79.969922345,ROANOKE,AEP,32410763
BENTMOUN,BENT MOUNTAIN,37.178367903,-80.119466805,ROANOKE,AEP,32410623
BENTMOUN,BENT MOUNTAIN,37.178367903,-80.119466805,ROANOKE,AEP,32410625
GEORGEST,GEORGE STREET,37.32730768,-79.183067462,CAMPBELL,AEP,1369000716
CLAYPOOL,CLAYPOOL HILL,37.045245075,-81.775463668,TAZEWELL,AEP,32410905
CLAYPOOL,CLAYPOOL HILL,37.045245075,-81.775463668,TAZEWELL,AEP,1348253482
LONESOME,LONESOME PINE,37.236661525,-81.313953741,TAZEWELL,AEP,32411847
PROGRESS,PROGRESS PARK,36.961087464,-81.003601879,WYTHE,AEP,63381273
PROGRESS,PROGRESS PARK,36.961087464,-81.003601879,WYTHE,AEP,65732129
BASSETT,WEST BASSETT,36.769790229,-80.017512788,HENRY,AEP,2041958109
INGERSOL,INGERSOLL RAND,37.344526737,-79.920316064,ROANOKE,AEP,1165472109
BROADFORD,BROADFORD (138 KV),36.920738765,-81.682952481,SMYTH,AEP,34509181
FLETCHER,FLETCHERS RIDGE,37.113978281,-82.069052922,BUCHANAN,AEP,32411283
